system_id,system_name,hq_city,hq_state,footprint_states,n_hospitals,n_acute_hospitals,total_beds,npr_compendium,ownership_label
HSI00001427,CommonSpirit Health,Chicago,IL,AR;AZ;CA;CO;GA;IA;KS;KY;MN;ND;NE;NV;OH;OR;SD;TN;TX;UT;WA,145,136,16679.0,29387477489.0,church-operated
HSI00000055,Ascension Health,Saint Louis,MO,AL;CT;FL;IL;IN;KS;MD;MI;NY;OK;TN;TX;WI,120,104,15162.0,21898168069.0,church-operated
HSI00001106,Trinity Health,Livonia,MI,CA;CT;DE;FL;GA;IA;ID;IL;IN;MA;MD;MI;NY;OH;OR;PA,105,97,14914.0,21478015361.0,church-operated
HSI00001526,Advocate Health,Charlotte,NC,AL;GA;IL;NC;SC;WI,58,53,10615.0,22368381601.0,nonprofit
HSI00000536,Kaiser Permanente,Oakland,CA,CA;HI;OR,41,40,9337.0,22677038585.0,nonprofit
HSI00000852,Providence,Renton,WA,AK;CA;MT;NM;OR;TX;WA,54,50,9256.0,18240364806.0,church-operated
HSI00000010,AdventHealth,Altamonte Springs,FL,CO;FL;GA;IL;KS;KY;NC;TX;WI,42,41,8809.0,15573277510.0,church-operated
HSI00001428,Bon Secours Mercy Health,Cincinnati,OH,KY;OH;SC;VA,37,36,5641.0,9031417176.0,church-operated
HSI00000767,Northwell Health,New Hyde Park,NY,NY,19,18,5412.0,13534973554.0,nonprofit
HSI00000073,Banner Health,Phoenix,AZ,AZ;CA;CO;NE;NV;WY,33,29,5258.0,8460859217.0,nonprofit
HSI00001078,Cleveland Clinic,Cleveland,OH,FL;OH,21,18,5048.0,12313311364.0,nonprofit
HSI00001021,Corewell Health,Grand Rapids,MI,MI,23,22,4623.0,8426810899.0,nonprofit
HSI00000660,Mercy,Chesterfield,MO,AR;IN;KS;MO;OK,45,37,4363.0,6020353706.0,church-operated
HSI00000902,SSM Health,Saint Louis,MO,IL;MO;OK;WI,40,37,4017.0,6090214413.0,church-operated
HSI00000863,RWJBarnabas Health,West Orange,NJ,NJ,16,14,3966.0,6695462887.0,nonprofit
HSI00000096,Baylor Scott and White Health,Dallas,TX,TX,31,25,3840.0,7757139545.0,nonprofit
HSI00000826,Piedmont Healthcare,Atlanta,GA,GA,19,18,3643.0,5662130080.0,nonprofit
HSI00000654,Memorial Hermann Healthcare System,Houston,TX,TX,11,7,3548.0,6612021513.0,nonprofit
HSI00000731,New York Presbyterian Healthcare System,New York,NY,NY,8,7,3454.0,10592554644.0,nonprofit
HSI00001050,Sutter Health,Sacramento,CA,CA;HI,27,22,3440.0,9227888627.0,nonprofit
HSI00000780,Ochsner Health System,New Orleans,LA,AL;LA;MS,36,30,3280.0,5234566614.0,nonprofit
HSI00000048,Jefferson Health,Philadelphia,PA,NJ;PA,9,7,3181.0,5252085804.0,nonprofit
HSI00000070,BJC Healthcare,Saint Louis,MO,IL;MO,16,14,3180.0,6400289437.0,nonprofit
HSI00001072,Texas Health Resources,Arlington,TX,TX,21,18,3165.0,4959581904.0,nonprofit
HSI00000439,Hackensack Meridian Health,Edison,NJ,NJ,13,10,3075.0,6382999921.0,nonprofit
HSI00000773,Novant Health,Winston Salem,NC,NC,13,12,2976.0,6337106095.0,nonprofit
HSI00000011,Adventist Health,Roseville,CA,CA;HI;OR,28,25,2976.0,5264286719.0,church-operated
HSI00000820,University of Pennsylvania Health System,Philadelphia,PA,NJ;PA,9,6,2929.0,7482702719.0,nonprofit
HSI00000813,Mass General Brigham,Boston,MA,MA;NH,15,9,2729.0,9439308673.0,nonprofit
HSI00000510,Indiana University Health,Indianapolis,IN,IN,14,13,2429.0,6549413758.0,nonprofit
HSI00000711,Mount Sinai Health System,New York,NY,NY,5,4,2429.0,8458357995.0,nonprofit
HSI00001121,UF Health,Gainesville,FL,FL,5,5,2417.0,3859495075.0,nonprofit
HSI00001146,Unitypoint Health,West Des Moines,IA,IA;IL;WI,29,29,2413.0,4048533729.0,nonprofit
HSI00000640,MedStar Health,Columbia,MD,DC;MD,10,9,2405.0,4654339857.0,nonprofit
HSI00000531,Johns Hopkins Health System,Baltimore,MD,DC;FL;MD,6,6,2402.0,4846432244.0,nonprofit
HSI00001156,University Hospitals,Shaker Heights,OH,OH,17,15,2376.0,7217868976.0,nonprofit
HSI00001251,West Virginia University Health System,Morgantown,WV,MD;OH;PA;WV,23,22,2370.0,5020950108.0,nonprofit
HSI00000700,Montefiore Medical Center,Bronx,NY,NY,8,7,2370.0,5475947995.0,nonprofit
HSI00000081,Baptist Memorial Health Care Corporation,Memphis,TN,AR;MS;TN,21,19,2368.0,2947353936.0,church-operated
HSI00000972,Sentara Healthcare,Norfolk,VA,NC;VA,13,12,2314.0,5320459115.0,nonprofit
HSI00001175,University of Maryland Medical System,Baltimore,MD,MD,13,11,2282.0,4215369169.0,nonprofit
HSI00000784,Ohiohealth,Columbus,OH,OH,14,14,2280.0,4770312096.0,church-operated
HSI00000770,Northwestern Medicine,Chicago,IL,IL,10,9,2272.0,6057036364.0,nonprofit
HSI00000796,Orlando Health,Orlando,FL,FL,5,5,2258.0,4553979504.0,nonprofit
HSI00000342,Emory Healthcare,Atlanta,GA,GA,9,7,2250.0,4262214506.0,nonprofit
HSI00000077,Baptist Health South Florida,Coral Gables,FL,FL,9,9,2246.0,4682947605.0,nonprofit
HSI00001272,Yale New Haven Health System,New Haven,CT,CT;RI,7,7,2228.0,5461086667.0,nonprofit
HSI00001416,Beth Israel Lahey Health,Cambridge,MA,MA,10,9,2146.0,4956408633.0,nonprofit
HSI00001378,Prisma Health,Greenville,SC,SC,12,10,2129.0,4181808678.0,nonprofit
HSI00000025,Allegheny Health Network,Pittsburgh,PA,NY;PA,11,11,2082.0,3195648927.0,nonprofit
HSI00000080,Baptist Healthcare System,Louisville,KY,IN;KY,10,10,2045.0,3554336946.0,nonprofit
HSI00001169,University of Colorado Health,Aurora,CO,CO;WY,12,12,2036.0,5995328757.0,nonprofit
HSI00000190,Cedars Sinai Health System,West Hollywood,CA,CA,4,4,1972.0,5576013159.0,nonprofit
HSI00000376,Franciscan Missionaries of Our Lady Health System,Baton Rouge,LA,LA;MS,11,9,1940.0,2649299658.0,church-operated
HSI00000958,Sanford Health,Sioux Falls,SD,IA;MN;MT;ND;SD,41,40,1925.0,4666228728.0,nonprofit
HSI00000766,Northside Hospital,Atlanta,GA,GA,5,5,1908.0,5599674392.0,nonprofit
HSI00000555,LCMC Health System,New Orleans,LA,LA,11,10,1895.0,3525124939.0,nonprofit
HSI00000776,OSF Healthcare System,Peoria,IL,IL;MI,17,17,1808.0,3378180135.0,church-operated
HSI00000475,Henry Ford Health,Detroit,MI,MI,6,5,1787.0,4425533332.0,nonprofit
HSI00000717,NYU Langone Health,New York,NY,NY,5,4,1780.0,7505770169.0,nonprofit
HSI00000029,Allina Health,Minneapolis,MN,MN;WI,13,12,1759.0,3673942762.0,nonprofit
HSI00000186,Catholic Health,Rockville Centre,NY,NY,6,6,1724.0,2587604508.0,church-operated
HSI00000496,Hospital Sisters Health System,Springfield,IL,IL;WI,17,17,1705.0,2783567046.0,church-operated
HSI00000513,Inova Health System,Falls Church,VA,VA,5,5,1682.0,4422197920.0,nonprofit
HSI00000577,Lehigh Valley Health Network,Allentown,PA,PA,10,9,1679.0,3399868006.0,nonprofit
HSI00000452,Hartford Healthcare,Hartford,CT,CT,10,8,1674.0,4099999738.0,nonprofit
HSI00000771,Norton Healthcare,Louisville,KY,AL;IN;KY,7,7,1665.0,3210770521.0,nonprofit
HSI00000357,Fairview Health Services,Minneapolis,MN,MN;WI,13,11,1636.0,4233315777.0,church-operated
HSI00001284,Ballad Health,Johnson City,TN,TN;VA,22,21,1635.0,2104074046.0,nonprofit
HSI00000977,Sharp Healthcare,San Diego,CA,CA,6,5,1601.0,3073544685.0,nonprofit
HSI00000636,McLaren Health Care Corporation,Grand Blanc,MI,MI,13,11,1600.0,2554080903.0,nonprofit
HSI00000060,Atlantic Health System,Morristown,NJ,NJ,6,5,1568.0,3399656618.0,nonprofit
HSI00000714,Multicare Health System,Tacoma,WA,WA,11,9,1536.0,3558883692.0,nonprofit
HSI00000323,Duke University Health System,Durham,NC,NC,3,3,1535.0,4260582264.0,nonprofit
HSI00001174,University of Kentucky Healthcare,Lexington,KY,KY;OH,5,4,1521.0,2903076326.0,nonprofit
HSI00000074,Baptist Health,Little Rock,AR,AR,12,10,1512.0,1495677411.0,nonprofit
HSI00000491,HonorHealth,Scottsdale,AZ,AZ,7,6,1406.0,2453595811.0,nonprofit
HSI00000756,NorthShore – Edward-Elmhurst Health,Evanston,IL,IL,8,7,1398.0,3659544057.0,nonprofit
HSI00000675,Methodist Le Bonheur Healthcare,Memphis,TN,MS;TN,3,2,1395.0,1734928473.0,church-operated
HSI00000919,Saint Francis Health System,Tulsa,OK,OK,8,7,1382.0,2000043990.0,nonprofit
HSI00001230,ECU Health,Greenville,NC,NC,9,9,1367.0,2106516050.0,nonprofit
HSI00000375,Franciscan Health,Mishawaka,IN,IL;IN,14,13,1366.0,2889858559.0,church-operated
HSI00001233,Virtua Health,Marlton,NJ,NJ,5,5,1329.0,2017054711.0,nonprofit
HSI00000068,Avera Health,Sioux Falls,SD,IA;MN;NE;SD,42,39,1324.0,2517473889.0,church-operated
HSI00000218,ChristianaCare,Wilmington,DE,DE;MD,2,2,1296.0,2445535654.0,nonprofit
HSI00001222,Vanderbilt Health,Nashville,TN,TN,4,4,1292.0,5729356840.0,nonprofit
HSI00000388,Geisinger,Danville,PA,PA,9,9,1292.0,3221443265.0,nonprofit
HSI00000936,Saint Lukes University Health Network,Bethlehem,PA,NJ;PA,11,11,1292.0,10269840892.0,nonprofit
HSI00000842,Premier Health,Dayton,OH,OH,3,3,1282.0,1888992647.0,nonprofit
HSI00000673,Methodist Health System,Dallas,TX,TX,8,7,1266.0,1837350034.0,nonprofit
HSI00001179,University of Rochester Medical Center,Rochester,NY,NY,6,6,1254.0,4163540871.0,nonprofit
HSI00000814,Peacehealth,Vancouver,WA,AK;OR;WA,10,10,1254.0,3212122334.0,church-operated
HSI00001033,Stanford Health Care,Stanford,CA,CA,3,3,1253.0,9621542663.0,nonprofit
HSI00000843,Presbyterian Healthcare Services,Albuquerque,NM,NM,9,9,1222.0,1933309042.0,nonprofit
HSI00000968,Scripps Health,San Diego,CA,CA,5,5,1219.0,2739272013.0,nonprofit
HSI00000546,Kettering Health,Kettering,OH,OH,8,7,1217.0,2253350100.0,church-operated
HSI00000658,MemorialCare Health System,Fountain Valley,CA,CA,4,4,1191.0,1792617152.0,nonprofit
HSI00000537,Kaleida Health,Buffalo,NY,NY;PA,4,4,1176.0,1710307175.0,nonprofit
HSI00000075,Baptist Health,Jacksonville,FL,FL,3,3,1170.0,2358440346.0,nonprofit
HSI00000507,Integris Health,Oklahoma City,OK,OK,10,10,1169.0,1749630034.0,nonprofit
HSI00000286,Covenant Health,Knoxville,TN,TN,10,9,1162.0,1398634970.0,nonprofit
HSI00001243,Wellspan Health,York,PA,PA,8,6,1160.0,2892632677.0,nonprofit
HSI00001377,UofL Health,Louisville,KY,KY,7,5,1154.0,1971547962.0,nonprofit
HSI00000253,Community Medical Centers,Clovis,CA,CA,4,2,1135.0,2124912039.0,nonprofit
HSI00000611,MaineHealth,Portland,ME,ME;NH,10,9,1134.0,3250671683.0,nonprofit
HSI00000248,Community Health Network,Indianapolis,IN,IN,10,5,1118.0,2800307468.0,nonprofit
HSI00000147,CAMC Health System,Charleston,WV,WV,8,8,1087.0,531064384.0,nonprofit
HSI00001253,Nuvance Health,Danbury,CT,CT;NY,7,7,1086.0,2225470791.0,nonprofit
HSI00001074,The Carle Foundation,Urbana,IL,IL,8,8,1083.0,2485684269.0,nonprofit
HSI00000811,Parkview Health System,Fort Wayne,IN,IN;OH,11,9,1072.0,549440848.0,nonprofit
HSI00000866,Tower Health,West Reading,PA,PA,6,4,1064.0,1683034476.0,nonprofit
HSI00000821,Penn State Health Milton S Hershey Medical Center,Hershey,PA,PA,5,5,1061.0,2815489002.0,nonprofit
HSI00000386,Froedtert and the Medical College of Wisconsin,Milwaukee,WI,WI,6,6,1061.0,3172999817.0,nonprofit
HSI00000889,Rochester Regional Health System,Rochester,NY,NY,6,6,1057.0,2158219376.0,nonprofit
HSI00000608,Main Line Health,Bryn Mawr,PA,PA,5,4,1049.0,1640122092.0,nonprofit
HSI00001430,Catholic Health Systems,Buffalo,NY,NY,5,5,1046.0,1102141213.0,church-operated
HSI00000368,Florida Health Sciences Center,Tampa,FL,FL,2,1,1017.0,1951882828.0,nonprofit
HSI00001122,UMass Memorial Health Care,Worcester,MA,MA,6,6,1013.0,2635156994.0,nonprofit
HSI00000576,Legacy Health,Portland,OR,OR;WA,7,7,1005.0,2495594168.0,nonprofit
HSI00000464,HealthPartners,Minneapolis,MN,MN;WI,10,10,1002.0,2381855768.0,nonprofit
HSI00000290,CoxHealth,Springfield,MO,MO,5,4,986.0,1883163248.0,nonprofit
HSI00000897,Rush System for Health,Chicago,IL,IL,3,3,975.0,2825570579.0,nonprofit
HSI00000350,Essentia Health,Duluth,MN,ID;MN;ND;WI,18,18,966.0,2416962979.0,nonprofit
HSI00000935,Saint Lukes Health System,Kansas City,MO,KS;MO,11,9,964.0,1757451301.0,church-operated
HSI00000585,Lifespan,Providence,RI,RI,4,3,963.0,2172800974.0,nonprofit
HSI00000097,Baystate Health,Springfield,MA,MA,4,4,939.0,1861353608.0,nonprofit
HSI00000263,Cone Health,Greensboro,NC,NC,3,3,936.0,1672470635.0,nonprofit
HSI00001089,The University of Chicago Medicine,Chicago,IL,IL,2,2,929.0,2725786465.0,nonprofit
HSI00000934,Saint Lukes,Boise,ID,ID,9,8,921.0,3177469674.0,nonprofit
HSI00001112,Wellforce,Boston,MA,MA,4,4,914.0,1634285117.0,nonprofit
HSI00000591,Loma Linda University Health,Loma Linda,CA,CA,4,3,912.0,2000542376.0,church-operated
HSI00001185,University of Vermont Health Network,Burlington,VT,NY;VT,6,6,908.0,2672843716.0,nonprofit
HSI00001069,Texas Childrens Hospital,Houston,TX,TX,1,1,905.0,2842123139.0,nonprofit
HSI00000461,Health First,Rockledge,FL,FL,4,4,904.0,1164550242.0,nonprofit
HSI00000019,Albany Medical Center,Albany,NY,NY,3,2,890.0,1674703576.0,nonprofit
HSI00001065,Temple University Health System,Philadelphia,PA,PA,4,3,889.0,2122841693.0,nonprofit
HSI00001186,University of Virginia Health System,Charlottesville,VA,VA,5,4,885.0,2811511963.0,nonprofit
HSI00000012,Adventist Healthcare,Gaithersburg,MD,DC;MD,6,4,866.0,1118781534.0,church-operated
HSI00000637,McLeod Health,Florence,SC,SC,6,5,846.0,1329212264.0,nonprofit
HSI00000805,PIH Health,Whittier,CA,CA,3,3,846.0,1302439995.0,nonprofit
HSI00000170,Carilion Clinic,Roanoke,VA,VA,7,7,838.0,2029403736.0,nonprofit
HSI00000305,Deaconess Health System,Evansville,IN,IL;IN;KY,8,6,834.0,1575724222.0,nonprofit
HSI00001383,OU Health,Oklahoma City,OK,OK,2,2,819.0,1646713049.0,nonprofit
HSI00000582,LifeBridge Health,Baltimore,MD,MD,6,4,817.0,1336782609.0,nonprofit
HSI00000251,Community Hospital Corporation,Plano,TX,AR;CO;ID;KY;NC;NM;SC;TX,20,11,772.0,904157142.0,nonprofit
HSI00000759,Northeast Georgia Health System,Gainesville,GA,GA,5,5,771.0,1852696587.0,nonprofit
HSI00000299,Dartmouth-Hitchcock,Lebanon,NH,NH;VT,8,8,771.0,2217922733.0,nonprofit
HSI00000511,Infirmary Health System,Mobile,AL,AL,5,4,769.0,859984192.0,nonprofit
HSI00001181,University of Southern California,Los Angeles,CA,CA,4,3,767.0,1860827277.0,nonprofit
HSI00000750,North Mississippi Health Services,Tupelo,MS,AL;MS,7,7,767.0,968273770.0,nonprofit
HSI00000917,Saint Elizabeth Healthcare,Edgewood,KY,IN;KY,5,5,755.0,1716760949.0,church-operated
HSI00000722,Nationwide Childrens Hospital,Columbus,OH,OH,2,2,747.0,2377938488.0,nonprofit
HSI00000154,Cabell Huntington Hospital,Huntington,WV,WV,3,3,740.0,1291077281.0,nonprofit
HSI00001087,The Queens Health Systems,Honolulu,HI,HI,4,4,722.0,1538514026.0,nonprofit
HSI00001263,Willis Knighton Health System,Shreveport,LA,LA,3,3,720.0,1099247817.0,nonprofit
HSI00000041,Appalachian Regional Healthcare,Lexington,KY,KY;WV,14,14,713.0,786401802.0,nonprofit
HSI00000648,Memorial Health System,Springfield,IL,IL;OH,7,7,711.0,1496220632.0,nonprofit
HSI00001118,UC Health,Cincinnati,OH,OH,5,2,711.0,1616910658.0,nonprofit
HSI00000246,Community Foundation of Northwest Indiana,Munster,IN,IN,4,3,707.0,1072607175.0,nonprofit
HSI00000098,Beacon Health System,South Bend,IN,IN;LA;MI,5,4,702.0,1041052748.0,nonprofit
HSI00000143,Bryan Health,Lincoln,NE,NE,8,8,700.0,1131072924.0,nonprofit
HSI00001153,University of Tennessee Medical Center,Knoxville,TN,TN,1,1,698.0,1213548796.0,nonprofit
HSI00001085,The Nebraska Medical Center,Omaha,NE,IA;NE,4,3,686.0,1588789597.0,nonprofit
HSI00000929,Saint Josephs Health,Paterson,NJ,NJ,2,2,681.0,832108365.0,church-operated
HSI00000514,Inspira Health Network,Mullica Hill,NJ,NJ,4,4,679.0,1054852552.0,nonprofit
HSI00001075,The Childrens Hospital of Philadelphia,Philadelphia,PA,PA,1,1,667.0,2695079245.0,nonprofit
HSI00000471,Hendrick Health System,Abilene,TX,TX,3,3,656.0,824367356.0,church-operated
HSI00000193,CentraCare,Saint Cloud,MN,MN,10,10,650.0,1430695521.0,nonprofit
HSI00000209,Childrens Healthcare of Atlanta,Atlanta,GA,GA,2,2,649.0,1960961358.0,nonprofit
HSI00000330,Northern Light Health,Brewer,ME,ME,11,10,637.0,1755421283.0,nonprofit
HSI00001004,Southcoast Health System,New Bedford,MA,MA,1,1,635.0,914238255.0,nonprofit
HSI00000819,Penn Highlands Healthcare,Du Bois,PA,PA,8,8,633.0,744506943.0,nonprofit
HSI00000715,Munson Healthcare,Traverse City,MI,MI,10,10,624.0,1248891162.0,nonprofit
HSI00000530,John Muir Health,Walnut Creek,CA,CA,3,2,610.0,1684334426.0,nonprofit
HSI00000621,Marshfield Clinic Health System,Marshfield,WI,MI;WI,12,12,603.0,1737915451.0,nonprofit
HSI00000139,Bronson Healthcare Group,Kalamazoo,MI,MI,5,4,602.0,1456909821.0,nonprofit
HSI00000455,Hawaii Pacific Health,Honolulu,HI,HI,4,4,602.0,1430498141.0,nonprofit
HSI00000883,Riverside Health System,Newport News,VA,VA,6,4,592.0,1376432825.0,nonprofit
HSI00000226,Emanate Health,Covina,CA,CA,3,3,586.0,632543769.0,nonprofit
HSI00001217,Valley Health,Winchester,VA,VA;WV,6,6,580.0,1065413447.0,nonprofit
HSI00000038,Luminis Health,Annapolis,MD,MD,3,2,579.0,845191970.0,nonprofit
HSI00001079,Cooper University Health Care,Camden,NJ,NJ,1,1,578.0,1608952000.0,nonprofit
HSI00000166,Care New England Health System,Providence,RI,RI,3,2,570.0,828583377.0,nonprofit
HSI00000192,Centra Health,Lynchburg,VA,VA,5,4,562.0,1094703075.0,nonprofit
HSI00001043,Summa Health System,Akron,OH,OH,3,2,560.0,1004687667.0,nonprofit
HSI00000947,Salem Health Hospitals and Clinics,Salem,OR,OR,2,2,559.0,916982146.0,nonprofit
HSI00001060,Tallahassee Memorial Healthcare,Tallahassee,FL,FL,3,3,551.0,911315895.0,nonprofit
HSI00000672,Methodist Health System,Omaha,NE,IA;NE,3,3,540.0,962865224.0,nonprofit
HSI00001369,AtlantiCare,Egg Harbor Township,NJ,NJ,1,1,532.0,836274659.0,nonprofit
HSI00000642,Medisys Health Network,Jamaica,NY,NY,2,2,528.0,1027920756.0,nonprofit
HSI00000868,Monument Health,Rapid City,SD,SD;WY,10,9,522.0,980321335.0,nonprofit
HSI00001055,TMC Healthcare,Tucson,AZ,AZ,3,3,519.0,842417013.0,nonprofit
HSI00000716,NCH Healthcare System,Naples,FL,FL,1,1,517.0,691733494.0,nonprofit
HSI00000484,Hoag Memorial Hospital Presbyterian,Newport Beach,CA,CA,2,1,512.0,1565207812.0,nonprofit
HSI00000624,Mary Washington Healthcare,Fredericksburg,VA,VA,3,2,502.0,739433254.0,nonprofit
HSI00001386,Crouse Health System,Syracuse,NY,NY,1,1,502.0,533777689.0,nonprofit
HSI00001288,Brookdale University Hospital And Medical Center,Brooklyn,NY,NY,1,1,498.0,680306497.0,nonprofit
HSI00001500,Childrens Hospital Colorado,Aurora,CO,CO,1,1,497.0,1474292694.0,nonprofit
HSI00000054,Asante Health System,Medford,OR,OR,3,3,489.0,1111891160.0,nonprofit
HSI00000130,Boston Childrens Hospital,Boston,MA,MA,1,1,485.0,1856193148.0,nonprofit
HSI00000712,Mount Sinai Medical Center of Florida,Miami Beach,FL,FL,1,1,481.0,971438827.0,nonprofit
HSI00000749,North Memorial Health,Robbinsdale,MN,MN,2,2,476.0,853750761.0,nonprofit
HSI00000114,Billings Clinic,Billings,MT,MT;WY,13,13,474.0,1090917393.0,nonprofit
HSI00001104,TriHealth,Cincinnati,OH,OH,3,2,468.0,878150925.0,nonprofit
HSI00000823,Phoebe Putney Health Systems,Albany,GA,GA,5,5,465.0,815643714.0,nonprofit
HSI00000288,Covenant Medical Center,Saginaw,MI,MI,1,1,464.0,680859168.0,church-operated
HSI00000140,BronxCare Health System,Bronx,NY,NY,1,1,454.0,871269556.0,nonprofit
HSI00000927,Saint Josephs Candler Health System,Savannah,GA,GA,2,2,451.0,741400079.0,nonprofit
HSI00000208,Childrens Health,Dallas,TX,TX,3,3,448.0,2245347709.0,nonprofit
HSI00000273,Cook Childrens Health Care System,Fort Worth,TX,TX,2,2,447.0,1612774162.0,nonprofit
HSI00000933,Saint Lukes Episcopal Presbyterian Hospital,Chesterfield,MO,MO,2,2,445.0,651443761.0,nonprofit
HSI00001077,The Christ Hospital Health Network,Cincinnati,OH,OH,1,1,444.0,920961957.0,nonprofit
HSI00001039,Stormont Vail Health,Topeka,KS,KS,2,2,442.0,884186805.0,nonprofit
HSI00000131,Boston Medical Center,Boston,MA,MA,1,1,442.0,1406292265.0,nonprofit
HSI00000354,Excela Health,Greensburg,PA,PA,3,3,431.0,511850251.0,nonprofit
HSI00000430,Guthrie Healthcare System,Sayre,PA,NY;PA,5,5,426.0,789070697.0,nonprofit
HSI00000089,Baton Rouge General Health System,Baton Rouge,LA,LA,2,2,425.0,538948585.0,nonprofit
HSI00000171,Caromont Health System,Gastonia,NC,NC,1,1,424.0,641793587.0,nonprofit
HSI00000705,Mosaic Life Care,Saint Joseph,MO,MO,5,4,421.0,797074250.0,nonprofit
HSI00000207,Childrens Minnesota,Minneapolis,MN,MN,2,2,420.0,1016840113.0,nonprofit
HSI00000423,Garnet Health,Middletown,NY,NY,3,3,420.0,653970977.0,nonprofit
HSI00001092,ThedaCare,Appleton,WI,WI,7,7,417.0,927364378.0,nonprofit
HSI00000365,FirstHealth of the Carolinas,Pinehurst,NC,NC,3,3,415.0,926850008.0,nonprofit
HSI00000667,Mercyhealth,Janesville,WI,IL;WI,4,4,414.0,881262324.0,nonprofit
HSI00000210,Childrens Hospital Los Angeles,Los Angeles,CA,CA,1,1,413.0,1208346977.0,nonprofit
HSI00000244,Commonwealth Health Corporation,Bowling Green,KY,KY,6,5,413.0,554651258.0,nonprofit
HSI00000833,Pomona Valley Hospital Medical Center,Pomona,CA,CA,1,1,412.0,776833556.0,nonprofit
HSI00001138,United Health Services,Binghamton,NY,NY,3,3,412.0,912780704.0,nonprofit
HSI00000065,Aultman Health Foundation,Canton,OH,OH,5,3,410.0,828154613.0,nonprofit
HSI00001382,AnMed Health,Anderson,SC,SC,2,2,409.0,622732411.0,nonprofit
HSI00000211,Akron Childrens Hospital,Akron,OH,OH,1,1,408.0,1113626754.0,nonprofit
HSI00001082,The Methodist Hospitals,Gary,IN,IN,2,2,405.0,404760024.0,nonprofit
HSI00000864,Rady Childrens Hospital San Diego,San Diego,CA,CA,1,1,401.0,1823400821.0,nonprofit
HSI00000287,Covenant Health Systems,Tewksbury,MA,ME;NH,3,3,399.0,666152247.0,church-operated
HSI00000428,Gundersen Health System,La Crosse,WI,IA;MN;WI,8,8,399.0,173638484.0,nonprofit
HSI00000802,Owensboro Health,Owensboro,KY,KY,3,3,398.0,783307316.0,nonprofit
HSI00000283,Cottage Health System,Santa Barbara,CA,CA,4,3,397.0,989932089.0,nonprofit
HSI00000094,Bayhealth,Dover,DE,DE,2,2,396.0,887060956.0,nonprofit
HSI00000987,Sinai Health System,Chicago,IL,IL,4,3,391.0,436689351.0,nonprofit
HSI00000401,Glens Falls Hospital,Glens Falls,NY,NY,1,1,391.0,363748525.0,nonprofit
HSI00000911,Saint Bernards Healthcare,Jonesboro,AR,AR,4,3,388.0,471780033.0,church-operated
HSI00001499,VHC Health,Arlington,VA,VA,1,1,385.0,678312768.0,nonprofit
HSI00001218,Valley Health System,Ridgewood,NJ,NJ,1,1,385.0,1024442467.0,nonprofit
HSI00000381,Freeman Health System,Joplin,MO,MO,2,2,384.0,620461020.0,nonprofit
HSI00000824,Phoenix Childrens Hospital,Phoenix,AZ,AZ,1,1,383.0,1372554647.0,nonprofit
HSI00000164,Capital Health System,Trenton,NJ,NJ,2,2,382.0,1329494907.0,nonprofit
HSI00001240,Washington Regional,Fayetteville,AR,AR,1,1,377.0,391093311.0,nonprofit
HSI00001110,University Health,Kansas City,MO,MO,2,2,375.0,699595147.0,nonprofit
HSI00001002,South Shore Health System,South Weymouth,MA,MA,1,1,374.0,760941643.0,nonprofit
HSI00000969,Seattle Childrens Hospital Research and Foundation,Seattle,WA,WA,1,1,370.0,1907462611.0,nonprofit
HSI00000476,Heritage Valley Health System,Beaver,PA,PA,3,3,365.0,377419696.0,nonprofit
HSI00000036,Ann and Robert H Lurie Childrens Hospital of Chicago,Chicago,IL,IL,1,1,364.0,1168670090.0,nonprofit
HSI00000954,San Antonio Regional Hospital,Upland,CA,CA,1,1,363.0,432252320.0,nonprofit
HSI00000335,Eisenhower Health,Rancho Mirage,CA,CA,1,1,362.0,1036619062.0,nonprofit
HSI00000076,Baptist Health Care,Pensacola,FL,FL,3,3,362.0,609230493.0,nonprofit
HSI00001497,Valley Childrens Healthcare,Madera,CA,CA,1,1,358.0,719923229.0,nonprofit
HSI00000338,Solutionhealth,Manchester,NH,NH,2,2,353.0,953793592.0,nonprofit
HSI00000942,Saint Peters Healthcare System,New Brunswick,NJ,NJ,1,1,352.0,549344505.0,nonprofit
HSI00000725,Nemours Childrens Health,Jacksonville,FL,DE;FL,2,2,352.0,1090857645.0,nonprofit
HSI00000217,Childrens of Alabama,Birmingham,AL,AL,1,1,351.0,860206699.0,nonprofit
HSI00000050,Arkansas Childrens Hospital,Little Rock,AR,AR,2,2,350.0,873033558.0,nonprofit
HSI00000553,Kootenai Health,Coeur D Alene,ID,ID,2,2,349.0,739144018.0,nonprofit
HSI00000697,Mohawk Valley Health System,Utica,NY,NY,1,1,346.0,413478743.0,nonprofit
HSI00000212,Childrens Hospital and Health System,Wauwatosa,WI,WI,2,2,340.0,862256968.0,nonprofit
HSI00000912,Saint Charles Health System,Bend,OR,OR,4,4,340.0,864097261.0,nonprofit
HSI00001006,Southeast Georgia Health System,Brunswick,GA,GA,2,2,340.0,368868954.0,nonprofit
HSI00000975,Shannon Health System,San Angelo,TX,TX,2,2,340.0,642627750.0,nonprofit
HSI00000214,CHOC Childrens,Orange,CA,CA,2,2,334.0,1310418726.0,nonprofit
HSI00000117,Blessing Health System,Quincy,IL,IL,2,2,334.0,597771602.0,nonprofit
HSI00000146,Butler Health System,Butler,PA,PA,2,2,332.0,326635300.0,nonprofit
HSI00000761,Northern Arizona Healthcare,Flagstaff,AZ,AZ,2,2,329.0,650429562.0,nonprofit
HSI00000847,Prohealth Care,Waukesha,WI,WI,3,2,328.0,665599314.0,nonprofit
HSI00001423,Pikeville Medical Center,Pikeville,KY,KY,1,1,328.0,600022319.0,nonprofit
HSI00001009,Southern Illinois Healthcare,Carbondale,IL,IL,4,4,325.0,690917763.0,nonprofit
HSI00000216,Childrens National Health System,Washington,DC,DC,2,1,323.0,1362376834.0,nonprofit
HSI00000818,TidalHealth Peninsula Regional,Salisbury,MD,DE;MD,3,3,322.0,646605983.0,nonprofit
HSI00000161,Cape Cod Healthcare,Hyannis,MA,MA,2,2,320.0,867748836.0,nonprofit
HSI00000985,Silver Cross Hospital,New Lenox,IL,IL,1,1,320.0,514107827.0,church-operated
HSI00000882,Riverside Health Care System,Yonkers,NY,NY,2,2,319.0,268083536.0,nonprofit
HSI00000165,Capital Region Health Care,Concord,NH,NH,3,3,317.0,731500246.0,nonprofit
HSI00000616,MarinHealth,Greenbrae,CA,CA,1,1,310.0,521407882.0,nonprofit
HSI00000034,Anderson Regional Health System,Meridian,MS,MS,2,2,303.0,247778747.0,nonprofit
HSI00000538,Logan Health,Kalispell,MT,MT,6,5,301.0,728337093.0,nonprofit
HSI00000008,Adena Health System,Chillicothe,OH,OH,4,4,298.0,601769408.0,nonprofit
HSI00000951,Samaritan Health Services,Corvallis,OR,OR,5,5,298.0,1134385329.0,nonprofit
HSI00000913,Saint Clair Hospital,Pittsburgh,PA,PA,1,1,297.0,369497677.0,nonprofit
HSI00001436,Overlake Medical Center and Clinics,Bellevue,WA,WA,1,1,296.0,675123014.0,nonprofit
HSI00000045,Archbold Medical Center,Thomasville,GA,GA,4,4,293.0,415686792.0,nonprofit
HSI00001061,Tanner Health System,Carrollton,GA,AL;GA,4,4,292.0,653561990.0,nonprofit
HSI00001389,Holy Name Medical Center,Teaneck,NJ,NJ,1,1,289.0,493379973.0,nonprofit
HSI00001032,Stamford Health,Stamford,CT,CT,1,1,288.0,834454616.0,nonprofit
HSI00001137,Union Health,Terre Haute,IN,IN,2,2,285.0,661411150.0,nonprofit
HSI00000910,SBH Health System,Bronx,NY,NY,1,1,283.0,470220492.0,nonprofit
HSI00000920,Saint Francis Healthcare System,Cape Girardeau,MO,MO,1,1,282.0,556597323.0,nonprofit
HSI00000087,Bassett Healthcare Network,Cooperstown,NY,NY,5,5,279.0,710966419.0,nonprofit
HSI00000380,Frederick Regional Health System,Frederick,MD,MD,1,1,279.0,388662670.0,nonprofit
HSI00001501,Boone Hospital Center,Columbia,MO,MO,1,1,278.0,346527763.0,nonprofit
HSI00000678,Nicklaus Childrens Health System,Miami,FL,FL,1,1,278.0,,nonprofit
HSI00000391,Genesis Healthcare System,Zanesville,OH,OH,1,1,277.0,564870224.0,church-operated
HSI00001007,Southeast Health,Cape Girardeau,MO,MO,2,2,275.0,350096758.0,nonprofit
HSI00001442,Englewood Health,Englewood,NJ,NJ,1,1,274.0,1062660425.0,nonprofit
HSI00000339,Ellis Medicine,Schenectady,NY,NY,2,2,270.0,401432172.0,nonprofit
HSI00000422,GBMC Healthcare,Baltimore,MD,MD,1,1,265.0,420265043.0,nonprofit
HSI00000671,Meritus Health,Hagerstown,MD,MD,1,1,265.0,396207060.0,nonprofit
HSI00000109,Berkshire Health Systems,Pittsfield,MA,MA,2,2,262.0,639037000.0,nonprofit
HSI00000345,Enloe Medical Center,Chico,CA,CA,1,1,258.0,834423644.0,nonprofit
HSI00001533,Riverside Healthcare,Kankakee,IL,IL,1,1,256.0,434453319.0,nonprofit
HSI00000937,Saint Lukes Hospital of Duluth,Duluth,MN,MN,2,2,254.0,529733873.0,nonprofit
HSI00000255,Community Memorial Health System,Ventura,CA,CA,2,2,254.0,539524831.0,nonprofit
HSI00001341,Parkview Medical Center,Pueblo,CO,CO,1,1,253.0,522899216.0,nonprofit
HSI00000710,Mount Nittany Health System,State College,PA,PA,1,1,248.0,441702485.0,nonprofit
HSI00000320,Doylestown Health,Doylestown,PA,PA,1,1,247.0,317137834.0,nonprofit
HSI00001143,United Regional Health Care System,Wichita Falls,TX,TX,1,1,244.0,447883041.0,nonprofit
HSI00001419,Jupiter Medical Center,Jupiter,FL,FL,1,1,242.0,380056898.0,nonprofit
HSI00000194,Centrastate Healthcare System,Freehold,NJ,NJ,1,1,240.0,307776553.0,nonprofit
HSI00000444,Hamilton Health Care System,Dalton,GA,GA,1,1,239.0,373972455.0,church-operated
HSI00000197,Central Maine Healthcare Corporation,Lewiston,ME,ME,3,3,237.0,505155525.0,nonprofit
HSI00001407,The Brooklyn Hospital Center,Brooklyn,NY,NY,1,1,236.0,429581616.0,nonprofit
HSI00001238,Washington Health System,Washington,PA,PA,2,2,232.0,254790529.0,nonprofit
HSI00000564,Lake Charles Memorial Health System,Lake Charles,LA,LA,2,1,227.0,366735864.0,nonprofit
HSI00001443,Montage Health,Monterey,CA,CA,1,1,227.0,905131143.0,nonprofit
HSI00000639,Meadville Medical Center,Meadville,PA,PA,2,2,225.0,290822829.0,nonprofit
HSI00000649,Memorial Health System,Marietta,OH,OH;WV,3,3,219.0,590232202.0,nonprofit
HSI00000581,Licking Memorial Health Systems,Newark,OH,OH,1,1,219.0,323668033.0,nonprofit
HSI00000666,Mercy Medical Center,Cedar Rapids,IA,IA,1,1,216.0,401057000.0,church-operated
HSI00000321,Driscoll Childrens Hospital,Corpus Christi,TX,TX,1,1,215.0,694328846.0,nonprofit
HSI00000488,Holy Redeemer Health System,Huntingdon Valley,PA,PA,1,1,213.0,216163220.0,church-operated
HSI00000103,Beebe Healthcare,Lewes,DE,DE,1,1,210.0,549735445.0,nonprofit
HSI00000879,Richmond University Medical Center,Staten Island,NY,NY,1,1,209.0,380053310.0,nonprofit
HSI00000812,Parrish Medical Center,Titusville,FL,FL,1,1,208.0,158904578.0,nonprofit
HSI00000346,Ephraim Mcdowell Health,Danville,KY,KY,3,3,207.0,306764361.0,nonprofit
HSI00000948,Salina Regional Health Center,Salina,KS,KS,4,3,206.0,279978198.0,church-operated
HSI00000105,Bellin Health Systems,Green Bay,WI,WI,3,2,204.0,775411736.0,nonprofit
HSI00000755,Northbay Healthcare,Fairfield,CA,CA,2,2,204.0,676594922.0,nonprofit
HSI00000215,Childrens Hospital of the Kings Daughters Health System,Norfolk,VA,VA,1,1,202.0,546188212.0,nonprofit
HSI00001219,Valley Health Systems,Holyoke,MA,MA,1,1,201.0,191937797.0,nonprofit
HSI00001532,Shore Physicians Group,Somers Point,NJ,NJ,1,1,199.0,247528189.0,nonprofit
HSI00000032,Altru Health System,Grand Forks,ND,ND,2,1,198.0,606228574.0,nonprofit
HSI00000266,Confluence Health,Wenatchee,WA,WA,3,2,198.0,970193473.0,nonprofit
HSI00000867,Redlands Community Hospital,Redlands,CA,CA,1,1,196.0,225739574.0,nonprofit
HSI00001260,White River Health System,Batesville,AR,AR,2,2,195.0,275984720.0,nonprofit
HSI00000272,Conway Regional Health System,Conway,AR,AR,3,2,194.0,252589713.0,nonprofit
HSI00001481,Southern Ohio Medical Center,Portsmouth,OH,OH,1,1,192.0,424296379.0,nonprofit
HSI00000236,Columbia Memorial Health,Hudson,NY,NY,1,1,192.0,129707715.0,nonprofit
HSI00000956,San Juan Regional Medical Center,Farmington,NM,NM,2,1,191.0,346932388.0,nonprofit
HSI00001097,Tift Regional Medical Center,Tifton,GA,GA,2,2,189.0,442674120.0,nonprofit
HSI00001319,Holland Hospital,Holland,MI,MI,1,1,189.0,262314826.0,nonprofit
HSI00000683,Middlesex Health System,Middletown,CT,CT,1,1,187.0,483456626.0,nonprofit
HSI00000268,Connecticut Childrens Medical Center Foundation,Hartford,CT,CT,1,1,187.0,467816565.0,nonprofit
HSI00001458,Lawrence General Hospital,Lawrence,MA,MA,1,1,186.0,309320000.0,nonprofit
HSI00000213,Childrens Hospital and Medical Center,Omaha,NE,NE,1,1,186.0,501071414.0,nonprofit
HSI00000610,MaineGeneral Health,Augusta,ME,ME,1,1,186.0,559762533.0,nonprofit
HSI00000356,Fairfield Medical Center,Lancaster,OH,OH,1,1,185.0,315876820.0,nonprofit
HSI00000952,Samaritan Health,Watertown,NY,NY,2,2,185.0,323381706.0,nonprofit
HSI00000502,Hunterdon Healthcare System,Flemington,NJ,NJ,1,1,184.0,392337764.0,nonprofit
HSI00000873,Reid Health,Richmond,IN,IN,1,1,183.0,487182885.0,nonprofit
HSI00000302,Dayton Childrens,Dayton,OH,OH,1,1,181.0,569126150.0,nonprofit
HSI00000415,Grand View Hospital,Sellersville,PA,PA,1,1,180.0,236302074.0,nonprofit
HSI00001145,Unity Health,Searcy,AR,AR,5,4,179.0,272249366.0,nonprofit
HSI00000116,Blanchard Valley Health System,Findlay,OH,OH,2,2,177.0,374711969.0,nonprofit
HSI00000984,Signature Healthcare,Brockton,MA,MA,1,1,175.0,181258800.0,nonprofit
HSI00000178,Carson Tahoe Health,Carson City,NV,NV,3,1,175.0,359182636.0,nonprofit
HSI00000421,Great River Health Systems,West Burlington,IA,IA,1,1,174.0,302076366.0,nonprofit
HSI00000358,Faith Regional Health Services,Norfolk,NE,NE,4,4,173.0,220090975.0,nonprofit
HSI00000663,Mercy Medical Center,Baltimore,MD,MD,1,1,173.0,561307806.0,church-operated
HSI00000490,Holzer Health System,Gallipolis,OH,OH,2,2,172.0,229777396.0,nonprofit
HSI00000271,Conway Medical Center,Conway,SC,SC,1,1,171.0,270969273.0,nonprofit
HSI00001107,Trinity Health,Minot,ND,ND,2,2,170.0,465452333.0,nonprofit
HSI00000554,Kuakini Health System,Honolulu,HI,HI,1,1,170.0,144679855.0,nonprofit
HSI00000090,Baxter Regional Medical Center,Mountain Home,AR,AR,1,1,169.0,277480129.0,nonprofit
HSI00001053,T J Regional Health,Glasgow,KY,KY,2,2,161.0,238020746.0,nonprofit
HSI00001431,Hays Medical Center,Hays,KS,KS,2,2,160.0,235377478.0,nonprofit
HSI00000518,Iredell Health System,Statesville,NC,NC,1,1,155.0,244411504.0,nonprofit
HSI00001546,OroHealth Corporation,Oroville,CA,CA,1,1,153.0,382116003.0,nonprofit
HSI00001464,MLK Community Healthcare,Los Angeles,CA,CA,1,1,152.0,142379855.0,nonprofit
HSI00000363,Firelands Regional Health System,Sandusky,OH,OH,1,1,149.0,244998572.0,nonprofit
HSI00000930,Saint Lawrence Health System,Potsdam,NY,NY,3,3,144.0,327757679.0,nonprofit
HSI00001473,Anderson Medical Group,Maryville,IL,IL,1,1,144.0,182086894.0,nonprofit
HSI00000686,Lecom Health,Erie,PA,PA,2,2,144.0,86086800.0,nonprofit
HSI00000900,Rutland Regional Health Services,Rutland,VT,VT,1,1,142.0,325028245.0,nonprofit
HSI00000362,Finger Lakes Regional Health System,Geneva,NY,NY,2,2,142.0,145485873.0,nonprofit
HSI00000347,Episcopal Health Services,Garden City,NY,NY,1,1,140.0,238874000.0,nonprofit
HSI00000132,Boulder Community Health,Boulder,CO,CO,1,1,139.0,418345593.0,nonprofit
HSI00000135,Bozeman Deaconess Hospital,Bozeman,MT,MT,1,1,139.0,413499189.0,nonprofit
HSI00000881,Ridgeview Medical Center,Waconia,MN,MN,3,3,138.0,345077421.0,nonprofit
HSI00000478,Heywood Healthcare,Gardner,MA,MA,2,2,135.0,181441914.0,nonprofit
HSI00001324,Indiana Regional Medical Center,Indiana,PA,PA,1,1,134.0,189722674.0,nonprofit
HSI00000737,Niagara Falls Memorial Medical Center,Niagara Falls,NY,NY,1,1,133.0,90885078.0,nonprofit
HSI00000871,Regional West Health Services,Scottsbluff,NE,NE,3,3,132.0,228021514.0,nonprofit
HSI00000798,Oswego Health,Oswego,NY,NY,1,1,132.0,144085310.0,nonprofit
HSI00000300,Davis Health System,Elkins,WV,WV,3,3,127.0,137247386.0,nonprofit
HSI00001041,Sturdy Memorial Hospital,Attleboro,MA,MA,1,1,125.0,232151289.0,nonprofit
HSI00000943,Saint Peters Health,Helena,MT,MT,1,1,125.0,289249142.0,nonprofit
HSI00001286,Bristol Hospital,Bristol,CT,CT,1,1,123.0,156718520.0,nonprofit
HSI00001446,Foundation Health Partners,Fairbanks,AK,AK,1,1,122.0,318311036.0,nonprofit
HSI00000925,Saint Joseph Medical Center,Yonkers,NY,NY,1,1,122.0,229132098.0,nonprofit
HSI00000352,Evangelical Community Hospital,Lewisburg,PA,PA,1,1,119.0,223605081.0,nonprofit
HSI00000189,Cayuga Medical Center,Ithaca,NY,NY,2,2,114.0,303402454.0,nonprofit
HSI00000652,Memorial Healthcare,Owosso,MI,MI,1,1,113.0,226383463.0,nonprofit
HSI00000340,Emerson Hospital Health System,Concord,MA,MA,1,1,111.0,336180825.0,nonprofit
HSI00001529,Ozarks Healthcare,West Plains,MO,MO,1,1,111.0,145776145.0,nonprofit
HSI00000568,Lake Regional Health System,Osage Beach,MO,MO,1,1,105.0,226828585.0,nonprofit
HSI00001309,Goshen Health,Goshen,IN,IN,1,1,103.0,248411935.0,nonprofit
HSI00000792,Oneida Health,Oneida,NY,NY,1,1,101.0,137917603.0,nonprofit
HSI00000914,Saint Claire Regional Medical Center,Morehead,KY,KY,1,1,100.0,204486429.0,nonprofit
HSI00000382,Freeport Health Network,Freeport,IL,IL,1,1,100.0,154896317.0,nonprofit
HSI00000961,Sarah Bush Lincoln Health System,Mattoon,IL,IL,1,1,100.0,448598616.0,nonprofit
HSI00001381,Saint Marys Healthcare,Amsterdam,NY,NY,2,1,100.0,151769773.0,nonprofit
HSI00000355,Exeter Health Resources,Exeter,NH,NH,1,1,99.0,295623876.0,nonprofit
HSI00000694,Missouri Delta Medical Center,Sikeston,MO,MO,1,1,98.0,126008629.0,nonprofit
HSI00000822,Peterson Health,Kerrville,TX,TX,1,1,98.0,171731833.0,nonprofit
HSI00000106,Beloit Health System,Beloit,WI,WI,1,1,97.0,264956041.0,nonprofit
HSI00000623,Mary Lanning Healthcare,Hastings,NE,NE,1,1,97.0,200043551.0,nonprofit
HSI00000753,Great Plains Health,North Platte,NE,NE,1,1,96.0,287745271.0,nonprofit
HSI00001560,Little Company of Mary Hospital of Indiana,Jasper,IN,IN,1,1,96.0,259088848.0,church-operated
HSI00000051,Armstrong County Memorial Hospital,Kittanning,PA,PA,1,1,95.0,119911605.0,nonprofit
HSI00001242,Wayne Memorial Health System,Honesdale,PA,PA,1,1,92.0,103550317.0,nonprofit
HSI00000994,Sky Lakes Medical Center,Klamath Falls,OR,OR,1,1,90.0,288377272.0,nonprofit
HSI00000567,Lake Region Healthcare,Fergus Falls,MN,MN,2,2,90.0,156737840.0,nonprofit
HSI00001400,Summit Healthcare,Show Low,AZ,AZ,1,1,89.0,261367382.0,nonprofit
HSI00001084,The Morris Hospital and Healthcare Centers,Morris,IL,IL,1,1,89.0,221501947.0,nonprofit
HSI00001350,Salem Regional Medical Center,Salem,OH,OH,1,1,87.0,106899288.0,nonprofit
HSI00000445,Hannibal Regional Healthcare System,Hannibal,MO,MO,1,1,86.0,245128764.0,nonprofit
HSI00000086,Barton Health,South Lake Tahoe,CA,CA;NV,2,2,86.0,266911086.0,nonprofit
HSI00001283,Auburn Community Hospital,Auburn,NY,NY,1,1,85.0,141092496.0,nonprofit
HSI00000539,Katherine Shaw Bethea Hospital,Dixon,IL,IL,1,1,80.0,143509031.0,nonprofit
HSI00000998,South County Health,Wakefield,RI,RI,1,1,79.0,224831385.0,nonprofit
HSI00000155,CalvertHealth,Prince Frederick,MD,MD,1,1,78.0,149966767.0,nonprofit
HSI00001449,Oaklawn Hospital,Marshall,MI,MI,1,1,78.0,156589054.0,nonprofit
HSI00000367,Fisher Titus Medical Center,Norwalk,OH,OH,1,1,78.0,155093229.0,nonprofit
HSI00000264,Conejos County Hospital Corporation,La Jara,CO,CO,2,2,66.0,116900159.0,nonprofit
HSI00000394,Gerald Champion Regional Medical Center,Alamogordo,NM,NM,1,1,66.0,245946571.0,nonprofit
HSI00001580,Knox Community Hospital,Mount Vernon,OH,OH,1,1,64.0,212019640.0,nonprofit
HSI00000059,Atlantic General Health System,Berlin,MD,MD,1,1,62.0,148617459.0,nonprofit
HSI00000789,Olmsted Medical Center,Rochester,MN,MN,1,1,61.0,234804057.0,nonprofit
HSI00001274,York Hospital,York,ME,ME,1,1,54.0,197013972.0,nonprofit
HSI00000360,Boys Town National Research Hospital,Boys Town,NE,NE,1,1,52.0,173147816.0,nonprofit
HSI00001447,North Country Healthcare,Whitefield,NH,NH,3,3,50.0,166810522.0,nonprofit
HSI00001356,Island Hospital,Anacortes,WA,WA,1,1,43.0,106148126.0,nonprofit
HSI00001264,Winona Health,Winona,MN,MN,1,1,41.0,99627922.0,nonprofit
HSI00001365,Valley View Hospital Association,Glenwood Springs,CO,CO,1,1,31.0,317372897.0,nonprofit
HSI00001540,Western Wisconsin Health,Baldwin,WI,WI,2,2,25.0,66486015.0,nonprofit
HSI00001402,Tri State Memorial Hospital,Clarkston,WA,WA,1,1,25.0,106959674.0,nonprofit
HSI00000416,Grande Ronde Hospital and Clinics,La Grande,OR,OR,1,1,25.0,134753078.0,nonprofit
HSI00000613,Bitterroot Health,Hamilton,MT,MT,1,1,25.0,107610836.0,nonprofit
HSI00000815,Pella Regional Health Center,Pella,IA,IA,1,1,25.0,125839069.0,nonprofit
HSI00000071,BMH,Blackfoot,ID,ID,2,1,25.0,168612827.0,nonprofit
HSI00001412,Redington Fairview General Hospital,Skowhegan,ME,ME,1,1,25.0,135377547.0,nonprofit
HSI00001301,Cuyuna Regional Medical Center,Crosby,MN,MN,2,2,25.0,180828344.0,nonprofit
HSI00000614,Margaret Mary Health,Batesville,IN,IN,1,1,25.0,127910974.0,nonprofit
HSI00000720,National Jewish Health,Denver,CO,CO,1,1,13.0,150430000.0,nonprofit
HSI00000981,Shriners Hospitals for Children,Tampa,FL,CA;FL;HI;IL;LA;MA;MO;OH;OR;PA;SC;TX;UT;WA,17,3,,,nonprofit
HSI00001176,University of Miami Health System,Miami,FL,FL,3,1,,,missing in AHRQ; nonprofit per member-hospital HCRIS
HSI00000515,Interfaith Medical Center,Brooklyn,NY,NY,1,1,,,nonprofit
HSI00000327,East Tennessee Childrens Hospital Association,Knoxville,TN,TN,1,1,,,nonprofit
