system_id,system_name,match_basis,npi,org_name,other_names,specialty_is_primary,primary_taxonomy,street,city,state,zip5,authorized_official_title,status,last_updated,evidence_url,evidence_as_of
HSI00000619,Marshall Medical Center,system name: Marshall Medical Center | member hospital: Marshall Hospital,1447912191,MARSHALL MEDICAL CENTER,MARSHALL MEDICAL SPECIALTY PHARMACY,False,"Pharmacy, Community/Retail Pharmacy",3581 PALMER DR STE 601,CAMERON PARK,CA,95682,CFO,A,2022-11-15,https://npiregistry.cms.hhs.gov/provider-view/1447912191,2026-10-02
HSI00000870,Regional One Health,system name: Regional One Health | member hospital: Regional One Health | address = member hospital: Regional One Health,1710959614,SHELBY COUNTY HEALTH CARE CORPORATION,REGIONAL ONE HEALTH,False,"Pharmacy, Clinic Pharmacy",877 JEFFERSON AVE,MEMPHIS,TN,38103,DIRECTOR OF PHARMACY,A,2020-04-24,https://npiregistry.cms.hhs.gov/provider-view/1710959614,2026-10-02
HSI00000870,Regional One Health,system name: Regional One Health | member hospital: Regional One Health,1679120281,SHELBY COUNTY HEALTH CARE CORPORATION,REGIONAL ONE HEALTH PHARMACY STAGE POST; T,False,"Pharmacy, Clinic Pharmacy",3111 STAGE POST DR STE 102-104,BARTLETT,TN,38133,SEVP and CFO,A,2019-08-20,https://npiregistry.cms.hhs.gov/provider-view/1679120281,2026-10-02
HSI00000870,Regional One Health,system name: Regional One Health | member hospital: Regional One Health,1245603620,SHELBY COUNTY HEALTH CARE CORPORATION,REGIONAL ONE HEALTH EAST,False,"Pharmacy, Clinic Pharmacy",6555 QUINCE RD,MEMPHIS,TN,38119,Director of Pharmacy,A,2024-01-11,https://npiregistry.cms.hhs.gov/provider-view/1245603620,2026-10-02
HSI00000107,Benefis Health System,system name: Benefis Health System | member hospital: Benefis Hospitals  Inc.,1578254942,"BENEFIS HOSPITALS, INC.",BENEFIS AMBULATORY PHARMACY,False,"Pharmacy, Community/Retail Pharmacy",500 15TH AVE S STE 2,GREAT FALLS,MT,59405,SVP/CFO,A,2026-07-27,https://npiregistry.cms.hhs.gov/provider-view/1578254942,2026-10-02
HSI00000579,Lexington Medical Center,system name: Lexington Medical Center | member hospital: Lexington Medical Center,1235812587,LONGS DRUGS OF LEXINGTON SC INC,,False,"Pharmacy, Community/Retail Pharmacy",5064 RIVERS AVE STE 201,NORTH CHARLESTON,SC,29406,Chief Legal Officer,A,2023-08-11,https://npiregistry.cms.hhs.gov/provider-view/1235812587,2026-10-02
HSI00000579,Lexington Medical Center,system name: Lexington Medical Center | member hospital: Lexington Medical Center,1568964567,LONGS DRUGS OF LEXINGTON SC INC,LONG'S DRUGS OF LEXINGTON,True,"Pharmacy, Specialty Pharmacy",1216 W MAIN ST,LEXINGTON,SC,29072,Corporate Counsel,A,2018-06-06,https://npiregistry.cms.hhs.gov/provider-view/1568964567,2026-10-02
HSI00001076,The Childrens Mercy Hospital,system name: The Childrens Mercy Hospital | member hospital: Childrens Mercy Hospital,1356839617,CHILDREN'S MERCY HOSPITAL,CHILDREN'S MERCY RIVERSIDE PHARMACY,True,"Pharmacy, Specialty Pharmacy",700 NW ARGOSY PARKWAY,RIVERSIDE,MO,64150,Vice President,A,2025-04-18,https://npiregistry.cms.hhs.gov/provider-view/1356839617,2026-10-02
HSI00001076,The Childrens Mercy Hospital,system name: The Childrens Mercy Hospital | member hospital: Childrens Mercy Hospital,1598809600,THE CHILDREN'S MERCY HOSPITAL,CHILDREN'S MERCY HOME CARE INFUSION & PHARMACY,False,Pharmacy,700 NW ARGOSY PKWY,RIVERSIDE,MO,64150,"Sr VP, Value & Payor Relations",A,2025-04-18,https://npiregistry.cms.hhs.gov/provider-view/1598809600,2026-10-02
HSI00001076,The Childrens Mercy Hospital,system name: The Childrens Mercy Hospital | member hospital: Childrens Mercy Hospital | address = member hospital: Childrens Mercy Hospital,1043473556,THE CHILDRENS MERCY HOSPITAL,CHILDREN'S MERCY HEMOPHILIA TREATMENT CENTER,True,"Pharmacy, Specialty Pharmacy",2401 GILLHAM RD,KANSAS CITY,MO,64108,Senior Vice President,A,2025-04-18,https://npiregistry.cms.hhs.gov/provider-view/1043473556,2026-10-02
HSI00000874,Renown Health,system name: Renown Health | member hospital: Renown Regional Medical Center,1871195347,RENOWN REGIONAL MEDICAL CENTER,RENOWN SPECIALTY PHARMACY,True,"Pharmacy, Specialty Pharmacy",21 LOCUST ST,RENO,NV,89502,"VP, Pharmacy",A,2026-06-04,https://npiregistry.cms.hhs.gov/provider-view/1871195347,2026-10-02
HSI00000224,Cincinnati Childrens Hospital Medical Center,member hospital: Childrens Hospital Medical Center,1841916905,CHILDREN'S HOSPITAL MEDICAL CENTER OF AKRON,SPECIALTY PHARMACY,True,"Pharmacy, Specialty Pharmacy",215 W BOWERY ST,AKRON,OH,44308,Director Reimbursement,A,2022-10-19,https://npiregistry.cms.hhs.gov/provider-view/1841916905,2026-10-02
HSI00000224,Cincinnati Childrens Hospital Medical Center,member hospital: Childrens Hospital Medical Center,1134918394,CHILDREN'S HOSPITAL MEDICAL CENTER OF AKRON,,True,"Pharmacy, Specialty Pharmacy",6505 MARKET ST STE A1310,BOARDMAN,OH,44512,Chief Financial Officer,A,2025-05-05,https://npiregistry.cms.hhs.gov/provider-view/1134918394,2026-10-02
HSI00000224,Cincinnati Childrens Hospital Medical Center,member hospital: Childrens Hospital Medical Center,1255942868,DAYTON CHILDREN'S HOSPITAL,DAYTON CHILDREN'S HOSPITAL SPECIALTY PHARMACY,False,"Pharmacy, Community/Retail Pharmacy",1 CHILDRENS PLZ,DAYTON,OH,45404,"CFO, VP Finance",A,2022-06-30,https://npiregistry.cms.hhs.gov/provider-view/1255942868,2026-10-02
HSI00000224,Cincinnati Childrens Hospital Medical Center,member hospital: Childrens Hospital Medical Center,1235866203,NATIONWIDE CHILDREN'S HOSPITAL,,True,"Pharmacy, Specialty Pharmacy",700 CHILDRENS DR,COLUMBUS,OH,43205,"Director, Revenue Cycle",A,2022-08-01,https://npiregistry.cms.hhs.gov/provider-view/1235866203,2026-10-02
HSI00000224,Cincinnati Childrens Hospital Medical Center,member hospital: Childrens Hospital Medical Center,1134152986,NATIONWIDE CHILDREN'S HOSPITAL,,False,General Acute Care Hospital,700 CHILDRENS DR,COLUMBUS,OH,43205,CFO and Senior VP,A,2026-09-21,https://npiregistry.cms.hhs.gov/provider-view/1134152986,2026-10-02
HSI00000224,Cincinnati Childrens Hospital Medical Center,member hospital: Childrens Hospital Medical Center,1679977060,NATIONWIDE CHILDREN'S HOSPITAL PHARMACY,,False,Pharmacy,700 CHILDRENS DR,COLUMBUS,OH,43205,CFO and Senior VP,A,2023-12-15,https://npiregistry.cms.hhs.gov/provider-view/1679977060,2026-10-02
HSI00000057,Aspirus,system name: Aspirus | member hospital: Aspirus Wausau Hospital | member hospital: Aspirus Tomahawk Hospital,1922857408,"ASPIRUS RHINELANDER & TOMAHAWK HOSPITALS & CLINICS, INC",ASPIRUS PHARMACY - WESTWOOD WAUSAU,True,"Pharmacy, Specialty Pharmacy",1901 WESTWOOD CENTER BLVD,WAUSAU,WI,54401,SVP & Chief Financial Officer,A,2024-06-10,https://npiregistry.cms.hhs.gov/provider-view/1922857408,2026-10-02
HSI00000057,Aspirus,address = member hospital: Aspirus Rhinelander Hospital,1801873476,STOXEN PHARMACY INC,,False,"Pharmacy, Community/Retail Pharmacy",2251 N SHORE DR,RHINELANDER,WI,54501,PRESIDENT,A,2017-04-21,https://npiregistry.cms.hhs.gov/provider-view/1801873476,2026-10-02
HSI00001236,WakeMed Health and Hospitals,system name: WakeMed Health and Hospitals,1093663783,WAKEMED OP LLC,WAKEMED SPECIALTY PHARMACY,True,"Pharmacy, Specialty Pharmacy",3024 NEW BERN AVE,RALEIGH,NC,27610,"EVP, Finance & CFO",A,2026-03-18,https://npiregistry.cms.hhs.gov/provider-view/1093663783,2026-10-02
HSI00000848,ProMedica,system name: ProMedica,1245986694,PROMEDICA PHARMACY GROUP LLC,PROMEDICA SPECIALTY PHARMACY,True,"Pharmacy, Specialty Pharmacy",3142 W CENTRAL AVE,TOLEDO,OH,43606,Director of Pharmacy,A,2022-04-04,https://npiregistry.cms.hhs.gov/provider-view/1245986694,2026-10-02
HSI00000848,ProMedica,system name: ProMedica,1386535011,THE TOLEDO HOSPITAL,PROMEDICA HOME INFUSION PHARMACY SERVICES,False,"Pharmacy, Home Infusion Therapy Pharmacy",2100 W CENTRAL AVE STE 140,TOLEDO,OH,43606,"Vice President, Revenue Cycle",A,2025-07-11,https://npiregistry.cms.hhs.gov/provider-view/1386535011,2026-10-02
HSI00000848,ProMedica,system name: ProMedica | address = member hospital: The Toledo Hospital,1740217678,THE TOLEDO HOSPITAL,PROMEDICA OUTPATIENT PHARMACY,False,"Pharmacy, Community/Retail Pharmacy",2142 N COVE BLVD,TOLEDO,OH,43606,"System Director, Community Pharmacy",A,2025-09-15,https://npiregistry.cms.hhs.gov/provider-view/1740217678,2026-10-02
HSI00000516,Intermountain Healthcare,system name: Intermountain Healthcare | member hospital: Intermountain Medical Center | address = member hospital: St. Marys Hospital & Medical Center,1336080761,SISTERS OF CHARITY OF LEAVENWORTH HEALTH SYSTEM INC,INTERMOUNTAIN PHARMACY #205; INTERMOUNTAIN PHARMACY - ST. MARY'S HOSPITAL,False,Pharmacy,2635 N 7TH ST,GRAND JUNCTION,CO,81501,Chief Pharmacy Officer and VP,A,2026-04-08,https://npiregistry.cms.hhs.gov/provider-view/1336080761,2026-10-02
HSI00000516,Intermountain Healthcare,member hospital: Park City Hospital,1255630851,HARMON CITY INC,HARMONS PHARMACY STATION PARK,False,"Pharmacy, Community/Retail Pharmacy",200 N STATION PKWY,FARMINGTON,UT,84025,Director of Pharmacy,A,2024-05-31,https://npiregistry.cms.hhs.gov/provider-view/1255630851,2026-10-02
HSI00000516,Intermountain Healthcare,system name: Intermountain Healthcare | member hospital: Intermountain Medical Center,1093130031,IHC HEALTH SERVICES INC,INTERMOUNTAIN HOME DELIVERY PHARMACY; INTERMOUNTAIN SPECIALTY PHARMACY,True,"Pharmacy, Specialty Pharmacy",7268 S BINGHAM JUNCTION BLVD STE B1,MIDVALE,UT,84047,Vice President of Clinical Systems,A,2024-05-29,https://npiregistry.cms.hhs.gov/provider-view/1093130031,2026-10-02
HSI00000516,Intermountain Healthcare,system name: Intermountain Healthcare | member hospital: Intermountain Medical Center,1396852000,IHC HEALTH SERVICES INC,INTERMOUNTAIN HEALTH INFUSION PHARMACY SALT LAKE; INTERMOUNTAIN HEALTH INFUSION PHARMACY ST. GEORGE,False,"Pharmacy, Home Infusion Therapy Pharmacy",11520 S REDWOOD RD,SOUTH JORDAN,UT,84095,VP-Homecare Hospice Palliative Care,A,2025-01-29,https://npiregistry.cms.hhs.gov/provider-view/1396852000,2026-10-02
HSI00000516,Intermountain Healthcare,system name: Intermountain Healthcare | member hospital: Intermountain Medical Center,1508119918,IHC HEALTH SERVICES INC,INTERMOUNTAIN HOME DELIVERY PHARMACY; INTERMOUNTAIN SPECIALTY PHARMACY,False,"Pharmacy, Mail Order Pharmacy",7268 S BINGHAM JUNCTION BLVD,MIDVALE,UT,84047,Chief Operating Officer,A,2024-05-29,https://npiregistry.cms.hhs.gov/provider-view/1508119918,2026-10-02
HSI00001081,Houston Methodist,member hospital: The Methodist Hospital,1568451763,METHODIST CHILDREN'S HOSPITAL,COVENANT HOME INFUSION,False,"Pharmacy, Home Infusion Therapy Pharmacy",7509 MARSHA SHARP FWY STE 101,LUBBOCK,TX,79407,Assistant Secretary of Enrollments,A,2026-04-01,https://npiregistry.cms.hhs.gov/provider-view/1568451763,2026-10-02
HSI00001081,Houston Methodist,member hospital: The Methodist Hospital,1538633326,"METHODIST COMMUNITY PHARMACY, LLC",,False,"Pharmacy, Community/Retail Pharmacy",1441 N BECKLEY AVE LBBY B,DALLAS,TX,75203,Treasurer and VP of Compliance,A,2026-01-28,https://npiregistry.cms.hhs.gov/provider-view/1538633326,2026-10-02
HSI00001081,Houston Methodist,member hospital: The Methodist Hospital,1427070770,"ONCOLOGY PHARMACY SERVICES, INC",TEXAS ONCOLOGY PHARMACY METHODIST,True,"Pharmacy, Specialty Pharmacy",3555 WEST WHEATLAND ROAD,DALLAS,TX,75237,Director,A,2024-01-12,https://npiregistry.cms.hhs.gov/provider-view/1427070770,2026-10-02
HSI00001081,Houston Methodist,member hospital: The Methodist Hospital,1477376119,TEXAS HEALTH HARRIS METHODIST HOSPITAL FORT WORTH,TEXAS HEALTH RETAIL PHARMACY,False,"Pharmacy, Community/Retail Pharmacy",1325 PENNSYLVANIA AVE STE 290,FORT WORTH,TX,76104,SVP Revenue Cycle,A,2026-04-22,https://npiregistry.cms.hhs.gov/provider-view/1477376119,2026-10-02
HSI00001081,Houston Methodist,system name: Houston Methodist | member hospital: The Methodist Hospital,1073112272,THE METHODIST HOSPITAL,HOUSTON METHODIST PHARMACY,False,"Pharmacy, Community/Retail Pharmacy",13300 HARGRAVE RD STE 360,HOUSTON,TX,77070,PRESIDENT & CEO,A,2020-10-20,https://npiregistry.cms.hhs.gov/provider-view/1073112272,2026-10-02
HSI00001081,Houston Methodist,system name: Houston Methodist | member hospital: The Methodist Hospital,1801208665,THE METHODIST HOSPITAL,HOUSTON METHODIST PHARMACY,False,"Pharmacy, Community/Retail Pharmacy",13300 HARGRAVE RD STE 360,HOUSTON,TX,77070,President & CEO,A,2020-06-02,https://npiregistry.cms.hhs.gov/provider-view/1801208665,2026-10-02
HSI00000152,Christus Health,system name: Christus Health | member hospital: Christus Hospital,1144689514,ST VINCENT HOSPITAL,CHRISTUS ST. VINCENT OUTPATIENT PHARMACY,False,"Pharmacy, Community/Retail Pharmacy",465 SAINT MICHAELS DR STE 112,SANTA FE,NM,87505,Manager,A,2018-07-19,https://npiregistry.cms.hhs.gov/provider-view/1144689514,2026-10-02
HSI00000152,Christus Health,system name: Christus Health | member hospital: Christus Hospital,1366980427,ST. VINCENT HOSPITAL,CHRISTUS ST. VINCENT OUTPATIENT PHARMACY,True,"Pharmacy, Specialty Pharmacy",465 SAINT MICHAELS DR,SANTA FE,NM,87505,PRESIDENT & CEO,A,2017-04-24,https://npiregistry.cms.hhs.gov/provider-view/1366980427,2026-10-02
HSI00000152,Christus Health,system name: Christus Health | member hospital: Christus Hospital | member hospital: Christus St Michael,1851930895,CHRISTUS HEALTH ARK-LA-TEX,CHRISTUS ST MICHAEL HEALTH CARE CENTER PHARMACY,False,Durable Medical Equipment & Medical Supplies,2604 SAINT MICHAEL DR STE 200,TEXARKANA,TX,75503,PRESIDENT,A,2022-05-12,https://npiregistry.cms.hhs.gov/provider-view/1851930895,2026-10-02
HSI00000152,Christus Health,system name: Christus Health | member hospital: Christus Hospital | address = member hospital: Christus Mother Frances Hosp-Tyler,1205546777,MOTHER FRANCES HOSPITAL REGIONAL HEALTH CARE CENTER,CHRISTUS SPECIALTY PHARMACY,True,"Pharmacy, Specialty Pharmacy",800 E DAWSON ST STE 100,TYLER,TX,75701,CFO,A,2022-11-25,https://npiregistry.cms.hhs.gov/provider-view/1205546777,2026-10-02
HSI00000152,Christus Health,system name: Christus Health | member hospital: Christus Hospital | address = member hospital: Christus Mother Frances Hosp-Tyler,1104406511,MOTHER FRANCES HOSPITAL REGIONAL HEALTH CARE CENTER,CHRISTUS SPECIALTY PHARMACY,False,"Pharmacy, Community/Retail Pharmacy",800 E DAWSON ST STE 100,TYLER,TX,75701,CFO,A,2021-04-09,https://npiregistry.cms.hhs.gov/provider-view/1104406511,2026-10-02
HSI00000152,Christus Health,system name: Christus Health | member hospital: Christus Hospital | address = member hospital: Christus Mother Frances Hosp-Tyler,1417531021,MOTHER FRANCES HOSPITAL REGIONAL HEALTH CARE CENTER,CHRISTUS SPECIALTY PHARMACY,False,"Pharmacy, Community/Retail Pharmacy",800 E DAWSON ST STE 100,TYLER,TX,75701,CFO,A,2021-05-10,https://npiregistry.cms.hhs.gov/provider-view/1417531021,2026-10-02
HSI00000631,Mayo Clinic Health System,system name: Mayo Clinic Health System | member hospital: Mayo Clinic Hospital,1932428547,MAYO FOUNDATION FOR MEDICAL EDUCATION & RESEARCH,MAYO CLINIC SPECIALTY PHARMACY,True,"Pharmacy, Specialty Pharmacy",3551 COMMERCIAL DR SW,ROCHESTER,MN,55902,Director,A,2026-02-10,https://npiregistry.cms.hhs.gov/provider-view/1932428547,2026-10-02
HSI00000631,Mayo Clinic Health System,system name: Mayo Clinic Health System | member hospital: Mayo Clinic Hospital,1609970664,MAYO FOUNDATION FOR MEDICAL EDUCATION & RESEARCH,MAYO CLINIC PHARMACY,False,"Pharmacy, Community/Retail Pharmacy",3551 COMMERCIAL DR SW,ROCHESTER,MN,55902,Director,A,2025-08-20,https://npiregistry.cms.hhs.gov/provider-view/1609970664,2026-10-02
