system_id,system_name,status,current_parent,tier,confidence,acquirer_id,acquirer_name,acquirer_tier,acquirer_confidence,tiers_match,tier_source
HSI00001396,Cape Regional Health System,acquired by,Cooper University Health Care,Managed or partnered,Low,HSI00001079,Cooper University Health Care,Managed or partnered,High,True,via Cooper University Health Care: Cooper University Hospital is on Shields partner list (2026-10-02); Shields rule applied to the current parent; service to the Cape Regional hospital not confirmed
HSI00001253,Nuvance Health,acquired by,Northwell Health,Managed or partnered,Medium,HSI00000767,Northwell Health,Managed or partnered,High,True,"Shields partner list (Northwell Health, Danbury CT), via Northwell Health; Northwell VIVO Health Pharmacy ACHC-accredited"
HSI00000935,Saint Lukes Health System,merged into,BJC HealthCare,Managed or partnered,Medium,HSI00000070,BJC Healthcare,Managed or partnered,High,True,"via BJC HealthCare: BJC on Shields partner list (incl. Iola, KS = Allen County Regional Hospital, a Saint Luke's member); owned accredited Saint Luke's Specialty Pharmacy also confirmed"
HSI00000749,North Memorial Health,acquired by,Sanford Health,"Owned, accredited",High,HSI00000958,Sanford Health,"Owned, accredited",High,True,North Memorial own URAC and ACHC accredited specialty pharmacy; remains system-owned after Sanford acquisition (no Sanford pharmacy found serving these hospitals)
HSI00000114,Billings Clinic,merged into,Billings Clinic-Logan Health,Managed or partnered,High,HSI00000538,Logan Health,Managed or partnered,Medium,True,Shields partner list plus Shields press release; URAC and ACHC records also confirmed
HSI00000354,Excela Health,merged into,Independence Health System,None found,Low,HSI00000146,Butler Health System,None found,Low,True,No candidates; Independence Health System pharmacy page lists only retail/outpatient pharmacies
HSI00001092,ThedaCare,merged into,"Froedtert ThedaCare Health, Inc. (Froedtert Health)","Owned, not accredited",Medium,HSI00000386,Froedtert and the Medical College of Wisconsin,"Owned, accredited",High,False,"via Froedtert Health: Froedtert Pharmacy specialty pharmacy page; Joint Commission only, no URAC/ACHC found"
HSI00000428,Gundersen Health System,merged into,Emplify Health,"Owned, accredited",High,HSI00000105,Bellin Health Systems,Infusion or home infusion only,Low,False,"URAC + ACHC records, NPPES, and system web page; pharmacy held by Gundersen Clinic, Ltd (system affiliate)"
HSI00000401,Glens Falls Hospital,merged into,Albany Med Health System,Managed or partnered,High,HSI00000019,Albany Medical Center,Managed or partnered,High,True,"URAC SPP010602 + ACHC 87330 + Albany Med pharmacies page (URAC through 2029-02-01, ACHC Gold Seal); no outside manager found"
HSI00000401,Glens Falls Hospital,merged into,Albany Med Health System,Managed or partnered,High,HSI00000236,Columbia Memorial Health,Managed or partnered,Low,True,"URAC SPP010602 + ACHC 87330 + Albany Med pharmacies page (URAC through 2029-02-01, ACHC Gold Seal); no outside manager found"
HSI00000214,CHOC Childrens,merged into,Rady Children's Health,"Owned, accredited",High,HSI00000864,Rady Childrens Hospital San Diego,Infusion or home infusion only,Medium,False,URAC SPP010342 + ACHC 83057 + NPPES primary specialty + CHOC web page (via Rady Children's Health)
HSI00000034,Anderson Regional Health System,merged into,Baptist Memorial Health Care,"Owned, accredited",High,HSI00000081,Baptist Memorial Health Care Corporation,"Owned, accredited",High,True,URAC SPP010007 + ACHC 88765 held by member hospital; via Baptist Memorial Health Care
HSI00000538,Logan Health,merged into,Billings Clinic,Managed or partnered,Medium,HSI00000114,Billings Clinic,Managed or partnered,High,True,"Shields partner list (Billings Clinic and Logan Health, Lovell WY); via Billings Clinic"
HSI00001436,Overlake Medical Center and Clinics,acquired by,MultiCare Health System,"Owned, not accredited",Low,HSI00000714,Multicare Health System,"Owned, accredited",High,False,via MultiCare: MultiCare Specialty Pharmacy at Tacoma General (search result); accreditation not verified
HSI00001238,Washington Health System,merged into,UPMC,"Owned, accredited",Medium,HSI00001126,UPMC,"Owned, accredited",High,True,"via UPMC: Chartwell Pennsylvania (UPMC-led LP, URAC Specialty Pharmacy since 2018) serves the region; no direct URAC record for it in packet"
HSI00000236,Columbia Memorial Health,acquired by,Albany Med Health System,Managed or partnered,Low,HSI00000019,Albany Medical Center,Managed or partnered,High,True,"via Albany Med Health System: parent is on Shields partner list (Albany Medical Center, Albany NY); Albany Med specialty pharmacies URAC/ACHC accredited"
HSI00000236,Columbia Memorial Health,acquired by,Albany Med Health System,Managed or partnered,Low,HSI00000401,Glens Falls Hospital,Managed or partnered,High,True,"via Albany Med Health System: parent is on Shields partner list (Albany Medical Center, Albany NY); Albany Med specialty pharmacies URAC/ACHC accredited"
HSI00000356,Fairfield Medical Center,acquired by,Adena Health,None found,Low,HSI00000008,Adena Health System,"Owned, not accredited",Medium,False,FMC site (curl) shows Kroger-run campus pharmacy and infusion center only; Adena Specialty Pharmacy exists but no evidence it serves FMC after a one-month-old deal
HSI00000415,Grand View Hospital,acquired by,St. Luke's University Health Network,"Owned, not accredited",Low,HSI00000936,Saint Lukes University Health Network,"Owned, accredited",High,False,via St. Luke's University Health Network (HomeStar Rx and Infusion Services web page)
HSI00000930,Saint Lawrence Health System,acquired by,Rochester Regional Health,"Owned, accredited",High,HSI00001179,University of Rochester Medical Center,"Owned, accredited",High,True,via Rochester Regional Health: its Specialty Pharmacy page shows URAC and ACHC accreditation; no outside manager
HSI00000930,Saint Lawrence Health System,acquired by,Rochester Regional Health,"Owned, accredited",High,HSI00000889,Rochester Regional Health System,"Owned, accredited",High,True,via Rochester Regional Health: its Specialty Pharmacy page shows URAC and ACHC accreditation; no outside manager
HSI00000362,Finger Lakes Regional Health System,merged into,University of Rochester Medical Center (UR Medicine),"Owned, accredited",Medium,HSI00001179,University of Rochester Medical Center,"Owned, accredited",High,True,"via University of Rochester Medical Center; URMC page states UR Specialty Pharmacy serves UR Medicine patients, URAC accredited to 08/01/2028 (not in candidate file)"
HSI00000352,Evangelical Community Hospital,acquired by,WellSpan Health,"Owned, not accredited",Low,HSI00001243,Wellspan Health,"Owned, accredited",High,False,"via WellSpan Health; WellSpan Specialty Pharmacy (Fairfield, PA) and WellSpan Infusion Service; no accreditation found"
HSI00001309,Goshen Health,acquired by,Parkview Health,"Owned, not accredited",Medium,HSI00000811,Parkview Health System,"Owned, accredited",High,False,via Parkview Health: Parkview Specialty Pharmacy (Fort Wayne) system web pages; no URAC/ACHC record for it found
HSI00000914,Saint Claire Regional Medical Center,acquired by,University of Kentucky (UK HealthCare),"Owned, accredited",Low,HSI00001174,University of Kentucky Healthcare,"Owned, accredited",High,True,"via UK HealthCare: UK specialty pharmacy (Lexington) stated URAC+ACHC accredited on pharmacy.uky.edu; UK St. Claire's own pharmacy is retail only and a specialty pharmacist posting hints at integration, service of St. Claire not confirmed"
HSI00000382,Freeport Health Network,acquired by,Mercyhealth,"Owned, accredited",Medium,HSI00000667,Mercyhealth,"Owned, accredited",High,True,via Mercyhealth; Mercyhealth press release and search snippet of URAC accreditation
HSI00001560,Little Company of Mary Hospital of Indiana,acquired by,Deaconess Health System,"Owned, accredited",Medium,HSI00000305,Deaconess Health System,"Owned, accredited",High,True,via Deaconess Health System: Deaconess Specialty Pharmacy site states dual URAC and ACHC accreditation; no roster record among candidates
HSI00000539,Katherine Shaw Bethea Hospital,acquired by,OSF HealthCare,Managed or partnered,High,HSI00000776,OSF Healthcare System,"Owned, accredited",High,False,via OSF HealthCare: OSF Specialty Pharmacy page (URAC SPP010259) plus Lumicera partnership
HSI00000394,Gerald Champion Regional Medical Center,acquired by,CHRISTUS Health,Managed or partnered,Medium,HSI00000152,Christus Health,Managed or partnered,High,True,via CHRISTUS Health; CHRISTUS location page shows only in-hospital retail pharmacy and infusion center
HSI00001274,York Hospital,merged into,MaineHealth,"Owned, accredited",Medium,HSI00000611,MaineHealth,"Owned, accredited",High,True,"via MaineHealth: MaineHealth system specialty pharmacy, URAC accredited per MaineHealth web page"
HSI00000515,Interfaith Medical Center,merged into,One Brooklyn Health System,None found,Low,HSI00001288,Brookdale University Hospital And Medical Center,"Owned, not accredited",Low,False,"via One Brooklyn Health; no candidates, own-site pages show retail/hospital pharmacy only; not on Shields list"
