system_id,system_name,match_basis,achc_list,achc_company_id,organization,dba,street,city,state,zip5,evidence_url,evidence_as_of
HSI00000619,Marshall Medical Center,system name: Marshall Medical Center | member hospital: Marshall Hospital,Pharmacy: Specialty Pharmacy Services,88449,Marshall Medical Center,Marshall Medical Specialty Pharmacy,"3581 Palmer Drive, Suite 601",Cameron Park,CA,95682,"https://organization.achc.org/print?legalCompanyName=Marshall%20Medical%20Center&dbaCompanyName=Marshall%20Medical%20Specialty%20Pharmacy&companyID=88449&full_address=Cameron%20Park,%20CA%2095682&physicalAddress=3581%20Palmer%20Drive,%20Suite%20601,",2026-10-02
HSI00000052,Arnot Health,system name: Arnot Health | member hospital: Arnot-Ogden Medical Center,Pharmacy: Specialty Pharmacy Services,91770,Arnot Ogden Medical Center,,200 Madison Ave Suite 1G,Elmira,NY,14901,"https://organization.achc.org/print?legalCompanyName=Arnot%20Ogden%20Medical%20Center&dbaCompanyName=&companyID=91770&full_address=Elmira,%20NY%2014901&physicalAddress=200%20Madison%20Ave%20Suite%201G,",2026-10-02
HSI00000870,Regional One Health,system name: Regional One Health | member hospital: Regional One Health,Pharmacy: Specialty Pharmacy Services,96582,Regional One Health Pharmacy Stage Post,,3111 Stage Post Dr Ste102-104,Bartlett,TN,38133,"https://organization.achc.org/print?legalCompanyName=Regional%20One%20Health%20Pharmacy%20Stage%20Post&dbaCompanyName=&companyID=96582&full_address=Bartlett,%20TN%2038133&physicalAddress=3111%20Stage%20Post%20Dr%20Ste102-104,",2026-10-02
HSI00000870,Regional One Health,system name: Regional One Health | member hospital: Regional One Health,Pharmacy: Specialty Pharmacy Services,96584,Shelby County Health Care,Regional One Health,880 Madison Avenue,Memphis,TN,38103,"https://organization.achc.org/print?legalCompanyName=Shelby%20County%20Health%20Care&dbaCompanyName=Regional%20One%20Health&companyID=96584&full_address=Memphis,%20TN%2038103&physicalAddress=880%20Madison%20Avenue,",2026-10-02
HSI00000870,Regional One Health,system name: Regional One Health | member hospital: Regional One Health,Pharmacy: Specialty Pharmacy Services,96583,Shelby County Health Care Corp,Regional One Health East,6555 Quince Rd.,Memphis,TN,38119,"https://organization.achc.org/print?legalCompanyName=Shelby%20County%20Health%20Care%20Corp&dbaCompanyName=Regional%20One%20Health%20East&companyID=96583&full_address=Memphis,%20TN%2038119&physicalAddress=6555%20Quince%20Rd.,",2026-10-02
HSI00000107,Benefis Health System,system name: Benefis Health System | member hospital: Benefis Hospitals  Inc.,Pharmacy: Specialty Pharmacy Services,89958,"Benefis Hospitals, Inc.",Benefis Specialty Pharmacy,"Benefis Specialty Pharmacy-West Campus, 500 15th Ave South, Suite 2",Great Falls,MT,59405,"https://organization.achc.org/print?legalCompanyName=Benefis%20Hospitals,%20Inc.&dbaCompanyName=Benefis%20Specialty%20Pharmacy&companyID=89958&full_address=Great%20Falls,%20MT%2059405-4304&physicalAddress=Benefis%20Specialty%20Pharmacy-West%20Campus,%20500%2015th%20Ave%20South,%20Suite%202",2026-10-02
HSI00000579,Lexington Medical Center,system name: Lexington Medical Center | member hospital: Lexington Medical Center,Pharmacy: Specialty Pharmacy Services,61674,"Long's Drugs of Lexington, South Carolina, Inc.",Avita 1051,1216 W. Main Street,Lexington,SC,29072,"https://organization.achc.org/print?legalCompanyName=Long's%20Drugs%20of%20Lexington,%20South%20Carolina,%20Inc.&dbaCompanyName=Avita%201051&companyID=61674&full_address=Lexington,%20SC%2029072&physicalAddress=1216%20W.%20Main%20Street,",2026-10-02
HSI00000874,Renown Health,system name: Renown Health | member hospital: Renown Regional Medical Center,Pharmacy: Specialty Pharmacy Services,82170,Renown Regional Medical Center,Renown Pharmacy,21 Locust Street,Reno,NV,89502,"https://organization.achc.org/print?legalCompanyName=Renown%20Regional%20Medical%20Center&dbaCompanyName=Renown%20Pharmacy&companyID=82170&full_address=Reno,%20NV%2089502&physicalAddress=21%20Locust%20Street,",2026-10-02
HSI00000224,Cincinnati Childrens Hospital Medical Center,member hospital: Childrens Hospital Medical Center,Pharmacy: Specialty Pharmacy Services,97967,Children's Hosp Med Ctr of Akron Ambulatory Care Center Pharmacy,Akron Children's Hospital Outpatient Pharmacy,215 W. Bowery Street Suite 3220,Akron,OH,44308,"https://organization.achc.org/print?legalCompanyName=Children's%20Hosp%20Med%20Ctr%20of%20Akron%20Ambulatory%20Care%20Center%20Pharmacy&dbaCompanyName=Akron%20Children's%20Hospital%20Outpatient%20Pharmacy&companyID=97967&full_address=Akron,%20OH%2044308&physicalAddress=215%20W.%20Bowery%20Street%20Suite%203220,",2026-10-02
HSI00000224,Cincinnati Childrens Hospital Medical Center,member hospital: Childrens Hospital Medical Center,Pharmacy: Specialty Pharmacy Services,80136,Dayton Children's Hospital,Dayton Children's Specialty Pharmacy,1 Children's Plz,Dayton,OH,45404,"https://organization.achc.org/print?legalCompanyName=Dayton%20Children's%20Hospital&dbaCompanyName=Dayton%20Children's%20Specialty%20Pharmacy&companyID=80136&full_address=Dayton,%20OH%2045404&physicalAddress=1%20Children's%20Plz,",2026-10-02
HSI00000224,Cincinnati Childrens Hospital Medical Center,member hospital: Childrens Hospital Medical Center,Pharmacy: Specialty Pharmacy Services,77328,Nationwide Children's Hospital,Nationwide Children's Hospital Pharmacy,700 Children's Drive,Columbus,OH,43205,"https://organization.achc.org/print?legalCompanyName=Nationwide%20Children's%20Hospital&dbaCompanyName=Nationwide%20Children's%20Hospital%20Pharmacy&companyID=77328&full_address=Columbus,%20OH%2043205&physicalAddress=700%20Children's%20Drive,",2026-10-02
HSI00000224,Cincinnati Childrens Hospital Medical Center,member hospital: Childrens Hospital Medical Center,Pharmacy: Specialty Pharmacy Services,99059,"Rocking Horse Children's Health Center, Inc.",Rocking Horse Community Health Center,651 S Limestone St,Springfield,OH,45505,"https://organization.achc.org/print?legalCompanyName=Rocking%20Horse%20Children's%20Health%20Center,%20Inc.&dbaCompanyName=Rocking%20Horse%20Community%20Health%20Center&companyID=99059&full_address=Springfield,%20OH%2045505&physicalAddress=651%20S%20Limestone%20St,",2026-10-02
HSI00000569,Lakeland Regional Health,system name: Lakeland Regional Health,Pharmacy: Specialty Pharmacy Services,98321,"Lakeland Regional Medical Center, Inc.",Lakeland Regional Health Pharmacy,199 Avenue B NW Suite 385,Winter Haven,FL,33881,"https://organization.achc.org/print?legalCompanyName=Lakeland%20Regional%20Medical%20Center,%20Inc.&dbaCompanyName=Lakeland%20Regional%20Health%20Pharmacy&companyID=98321&full_address=Winter%20Haven,%20FL%2033881&physicalAddress=199%20Avenue%20B%20NW%20Suite%20385,",2026-10-02
HSI00000848,ProMedica,system name: ProMedica,Pharmacy: Specialty Pharmacy Services,77833,"ProMedica Pharmacy Group, LLC",ProMedica Specialty Pharmacy,3142 W Central Ave,Toledo,OH,43606,"https://organization.achc.org/print?legalCompanyName=ProMedica%20Pharmacy%20Group,%20LLC&dbaCompanyName=ProMedica%20Specialty%20Pharmacy&companyID=77833&full_address=Toledo,%20OH%2043606&physicalAddress=3142%20W%20Central%20Ave,",2026-10-02
HSI00000516,Intermountain Healthcare,system name: Intermountain Healthcare | member hospital: Intermountain Medical Center,Pharmacy: Specialty Pharmacy Services,75217,"IHC Health Services, Inc.",Intermountain Specialty Pharmacy,"7268 S Bingham Junction Blvd., Suite B1",Midvale,UT,84047,"https://organization.achc.org/print?legalCompanyName=IHC%20Health%20Services,%20Inc.&dbaCompanyName=Intermountain%20Specialty%20Pharmacy&companyID=75217&full_address=Midvale,%20UT%2084047&physicalAddress=7268%20S%20Bingham%20Junction%20Blvd.,%20Suite%20B1,",2026-10-02
HSI00000516,Intermountain Healthcare,system name: Intermountain Healthcare | member hospital: Intermountain Medical Center,Pharmacy: Specialty Pharmacy Services,78008,Sisters of Charity of Leavenworth Health System Inc,Intermountain Specialty Pharmacy - Denver,"1830 Franklin St, Suite 190",Denver,CO,80218,"https://organization.achc.org/print?legalCompanyName=Sisters%20of%20Charity%20of%20Leavenworth%20Health%20System%20Inc&dbaCompanyName=Intermountain%20Specialty%20Pharmacy%20-%20Denver&companyID=78008&full_address=Denver,%20CO%2080218&physicalAddress=1830%20Franklin%20St,%20Suite%20190,",2026-10-02
HSI00001081,Houston Methodist,member hospital: The Methodist Hospital,Pharmacy: Specialty Pharmacy Services,94808,"Methodist Community Pharmacy, LLC",Methodist Community Pharmacy - Dallas,"1441 N Beckley Ave, Main Lobby B",Dallas,TX,75203,"https://organization.achc.org/print?legalCompanyName=Methodist%20Community%20Pharmacy,%20LLC&dbaCompanyName=Methodist%20Community%20Pharmacy%20-%20Dallas&companyID=94808&full_address=Dallas,%20TX%2075203&physicalAddress=1441%20N%20Beckley%20Ave,%20Main%20Lobby%20B,",2026-10-02
HSI00001081,Houston Methodist,member hospital: The Methodist Hospital,Pharmacy: Specialty Pharmacy Services,85388,"Oncology Pharmacy Services, Inc.",Texas Oncology Pharmacy-Methodist Charlton,3555 W Wheatland Road,Dallas,TX,75237,"https://organization.achc.org/print?legalCompanyName=Oncology%20Pharmacy%20Services,%20Inc.%20&dbaCompanyName=Texas%20Oncology%20Pharmacy-Methodist%20Charlton&companyID=85388&full_address=Dallas,%20TX%2075237&physicalAddress=3555%20W%20Wheatland%20Road,",2026-10-02
HSI00001081,Houston Methodist,member hospital: The Methodist Hospital,Pharmacy: Specialty Pharmacy Services,99899,Texas Health Harris Methodist Hospital Fort Worth,Texas Health Retail Pharmacy,1325 Pennsylvania Ave Suite 290,Fort Worth,TX,76104,"https://organization.achc.org/print?legalCompanyName=Texas%20Health%20Harris%20Methodist%20Hospital%20Fort%20Worth&dbaCompanyName=Texas%20Health%20Retail%20Pharmacy&companyID=99899&full_address=Fort%20Worth,%20TX%2076104&physicalAddress=1325%20Pennsylvania%20Ave%20Suite%20290,",2026-10-02
HSI00001081,Houston Methodist,system name: Houston Methodist | member hospital: The Methodist Hospital,Pharmacy: Specialty Pharmacy Services,76082,The Methodist Hospital,Houston Methodist Pharmacy,"13300 Hargrave Road, Suite 360",Houston ,TX,77070,"https://organization.achc.org/print?legalCompanyName=The%20Methodist%20Hospital&dbaCompanyName=Houston%20Methodist%20Pharmacy&companyID=76082&full_address=Houston%20,%20TX%2077070&physicalAddress=13300%20Hargrave%20Road,%20Suite%20360,",2026-10-02
HSI00000152,Christus Health,system name: Christus Health | member hospital: Christus Hospital | member hospital: Christus St Michael,Pharmacy: Specialty Pharmacy Services,99925,Christus Health ARK-LA-TEX,Christus St. Michael Health Care Center Pharmacy,2604 St Michael Drive Suite 200,Texarkana,TX,75503,"https://organization.achc.org/print?legalCompanyName=Christus%20Health%20ARK-LA-TEX&dbaCompanyName=Christus%20St.%20Michael%20Health%20Care%20Center%20Pharmacy&companyID=99925&full_address=Texarkana,%20TX%2075503&physicalAddress=2604%20St%20Michael%20Drive%20Suite%20200,",2026-10-02
HSI00000152,Christus Health,system name: Christus Health | member hospital: Christus Hospital,Pharmacy: Specialty Pharmacy Services,99394,Christus St. Vincent Regional Medical Center,Christus St. Vincent Outpatient Pharmacy,465 St. Michael's Drive Suite 112,Santa Fe,NM,87505,"https://organization.achc.org/print?legalCompanyName=Christus%20St.%20Vincent%20Regional%20Medical%20Center&dbaCompanyName=Christus%20St.%20Vincent%20Outpatient%20Pharmacy&companyID=99394&full_address=Santa%20Fe,%20NM%2087505&physicalAddress=465%20St.%20Michael's%20Drive%20Suite%20112,",2026-10-02
HSI00000152,Christus Health,system name: Christus Health | member hospital: Christus Hospital | address = member hospital: Christus Mother Frances Hosp-Tyler,Pharmacy: Specialty Pharmacy Services,82691,Mother Frances Hospital Regional Health Care Center,CHRISTUS Specialty Pharmacy,800 E Dawson St Ste 100,Tyler,TX,75701,"https://organization.achc.org/print?legalCompanyName=Mother%20Frances%20Hospital%20Regional%20Health%20Care%20Center&dbaCompanyName=CHRISTUS%20Specialty%20Pharmacy&companyID=82691&full_address=Tyler,%20TX%2075701&physicalAddress=800%20E%20Dawson%20St%20Ste%20100,",2026-10-02
HSI00000631,Mayo Clinic Health System,system name: Mayo Clinic Health System | member hospital: Mayo Clinic Hospital,Pharmacy: Specialty Pharmacy Services,65635,Mayo Foundation for Medical Education and Research,Mayo Clinic Pharmacy,3551 Commercial Drive SW,Rochester,MN,55902,"https://organization.achc.org/print?legalCompanyName=Mayo%20Foundation%20for%20Medical%20Education%20and%20Research&dbaCompanyName=Mayo%20Clinic%20Pharmacy&companyID=65635&full_address=Rochester,%20MN%2055902&physicalAddress=3551%20Commercial%20Drive%20SW,",2026-10-02
HSI00000631,Mayo Clinic Health System,system name: Mayo Clinic Health System | member hospital: Mayo Clinic Hospital | address = member hospital: Mchs Franciscan Healthcare  Inc,Pharmacy: Infusion Pharmacy Services,93475,Mayo Clinic Health System La Crosse Hospital Pharmacy,MCHS - La Crosse Home Infusion Pharmacy,700 West Avenue South,La Crosse,WI,54601,"https://organization.achc.org/print?legalCompanyName=Mayo%20Clinic%20Health%20System%20La%20Crosse%20Hospital%20Pharmacy&dbaCompanyName=MCHS%20-%20La%20Crosse%20Home%20Infusion%20Pharmacy&companyID=93475&full_address=La%20Crosse,%20WI%2054601&physicalAddress=700%20West%20Avenue%20South,",2026-10-02
HSI00000631,Mayo Clinic Health System,system name: Mayo Clinic Health System | member hospital: Mayo Clinic Hospital | address = member hospital: Mchs Eau Claire Hospital,Pharmacy: Infusion Pharmacy Services,38892,"Mayo Clinic Health System-Northwest Wisconsin Region, Inc.",Mayo Clinic Health System - Eau Claire Hospital Pharmacy,1221 Whipple St.,Eau Claire,WI,54703,"https://organization.achc.org/print?legalCompanyName=Mayo%20Clinic%20Health%20System-Northwest%20Wisconsin%20Region,%20Inc.&dbaCompanyName=Mayo%20Clinic%20Health%20System%20-%20Eau%20Claire%20Hospital%20Pharmacy&companyID=38892&full_address=Eau%20Claire,%20WI%2054703&physicalAddress=1221%20Whipple%20St.,",2026-10-02
HSI00000631,Mayo Clinic Health System,system name: Mayo Clinic Health System | member hospital: Mayo Clinic Hospital,Pharmacy: Infusion Pharmacy Services,90155,Mayo Clinic Jacksonville,Mayo Clinic Home Infusion Therapy,"4500 San Pablo Rd, MANG 2131",Jacksonville,FL,32224,"https://organization.achc.org/print?legalCompanyName=Mayo%20Clinic%20Jacksonville&dbaCompanyName=Mayo%20Clinic%20Home%20Infusion%20Therapy&companyID=90155&full_address=Jacksonville,%20FL%2032224&physicalAddress=4500%20San%20Pablo%20Rd,%20MANG%202131,",2026-10-02
HSI00001126,UPMC,system name: UPMC,Pharmacy: Specialty Pharmacy Services,93432,UPMC Community Provider Services,Pint Size Prescriptions,"4401 Penn Avenue, Floor 1",Pittsburgh,PA,15224,"https://organization.achc.org/print?legalCompanyName=UPMC%20Community%20Provider%20Services&dbaCompanyName=Pint%20Size%20Prescriptions&companyID=93432&full_address=Pittsburgh,%20PA%2015224&physicalAddress=4401%20Penn%20Avenue,%20Floor%201,",2026-10-02
HSI00001126,UPMC,system name: UPMC,Pharmacy: Specialty Pharmacy Services,80783,UPMC Community Provider Services d/b/a Forbes Pharmacy,Forbes Pharmacy,3501 Forbes Avenue,Pittsburgh,PA,15213,"https://organization.achc.org/print?legalCompanyName=UPMC%20Community%20Provider%20Services%20d/b/a%20Forbes%20Pharmacy&dbaCompanyName=Forbes%20Pharmacy&companyID=80783&full_address=Pittsburgh,%20PA%2015213&physicalAddress=3501%20Forbes%20Avenue,",2026-10-02
