system_id,system_name,hq_state,total_beds,current_name,status_since_2023,current_parent,status_evidence_url,status_change_date,status_search_query,now_for_profit,tier,confidence,tier_source,pharmacy_names,owning_entity,accreditations,manager_partner,evidence_urls,evidence_date,confirmed_candidates,rejected_candidates,sources_searched,notes,shields_list_match,rule_adjustments,accreditation_expiry_check
HSI00001396,Cape Regional Health System,NJ,149.0,Cooper University Hospital Cape Regional,acquired by,Cooper University Health Care,https://blogs.cooperhealth.org/news/2024/07/its-official-cape-regional-is-now-part-of-cooper-university-health-care/,2024-07-01,,False,Managed or partnered,Low,via Cooper University Health Care: Cooper University Hospital is on Shields partner list (2026-10-02); Shields rule applied to the current parent; service to the Cape Regional hospital not confirmed,"Direct Meds at Cooper Pharmacy (apparently retail/outpatient, 1 Cooper Plz, Camden NJ; third-party directory listings show specialty drugs dispensed)","Cooper University Health Care (parent); Cape Regional Medical Center, Inc. is now a Cooper subsidiary",,Shields Health Solutions,https://shieldshealthsolutions.com/about-us/partner-health-systems | https://blogs.cooperhealth.org/news/2024/07/its-official-cape-regional-is-now-part-of-cooper-university-health-care/ | https://www.cooperhealth.org/treatments/infusion-therapy | https://www.healthgrades.com/pharmacy/direct-meds-at-cooper-pharmacy-pdaeyb,2026-10-02,,,"URAC/ACHC/NPPES candidates (empty for Cape Regional) | Shields partner list (Cooper University Hospital, Camden NJ listed; Cape Regional not separately listed) | Cooper Health blog/merger release | cooperhealth.org infusion therapy and Cape Regional location (403 on direct fetch; search snippets only) | caperegional.com infusion page | web search: Cooper specialty pharmacy / Shields / Direct Meds","Cooper's Camden pharmacy (Direct Meds, apparently retail) sits at a Shields-listed system but no source states Shields manages it or that it serves the Cape Regional hospital, so confidence is Low. Cape Regional's own site shows only nurse-administered outpatient infusion; no URAC/ACHC/NPPES records found for Cooper or Cape.",Cooper University Hospital (NJ),,
HSI00000301,Day Kimball Healthcare,CT,104.0,Day Kimball Healthcare,unchanged,,https://www.daykimball.org/,,,False,None found,Medium,No URAC/ACHC/NPPES candidates; system website and press release search found only hospital inpatient/ambulatory pharmacy,,,,,https://www.daykimball.org/advanced-pharmacy-at-day-kimball-hospital-includes-new-cleanroom/ | https://www.daykimball.org/patient-services/iv-therapy/,2026-10-02,,,"daykimball.org (pharmacy, IV therapy, news pages via web search) | web search: specialty pharmacy / home infusion / outpatient pharmacy press release | URAC/ACHC/NPPES candidates (none supplied)","Hospital pharmacy dispenses to ED/OR/chemo and an ambulatory IV therapy unit exists, but no specialty or home infusion pharmacy found. Day Kimball HomeCare exists but no infusion pharmacy is mentioned.",,,
HSI00000619,Marshall Medical Center,CA,111.0,Marshall (formerly Marshall Medical Center),renamed,,https://www.marshallmedical.org/newsroom/2024/march/marshall-medical-launches-rebranding-campaign/,2024-03,,False,"Owned, accredited",High,URAC SPP010062 + ACHC 88449 + system website + NPPES,Marshall Medical Specialty Pharmacy,Marshall Medical Center (system/member hospital itself),"URAC SPP010062 Specialty Pharmacy (eff 2023-10-01, exp 2026-10-01) | ACHC 88449 Specialty Pharmacy Services",,"https://www.urac.org/directory/accreditation-details/?certification=SPP010062 | https://organization.achc.org/print?legalCompanyName=Marshall%20Medical%20Center&dbaCompanyName=Marshall%20Medical%20Specialty%20Pharmacy&companyID=88449&full_address=Cameron%20Park,%20CA%2095682&physicalAddress=3581%20Palmer%20Drive,%20Suite%20601, | https://npiregistry.cms.hhs.gov/provider-view/1447912191 | https://www.marshallmedical.org/our-services/specialty-pharmacy/",{'https://www.marshallmedical.org/our-services/specialty-pharmacy/': '2026-10-02'},urac:SPP010062 | achc:88449 | nppes:1447912191,,URAC/ACHC/NPPES candidates | marshallmedical.org specialty pharmacy page | web search for Shields/Trellis/partnership,URAC expiration 2026-10-01 is one day before today; renewal not verified in roster. Website says Marshall operates pharmacy directly; no partner named.,,,SPP010062 expires 2026-10-01
HSI00001281,Astria Health System,WA,72.0,Astria Health,unchanged,,https://www.astria.health/locations/,,,False,None found,Medium,"astria.health homepage, locations and hospital pages show only hospital pharmacy departments (Sunnyside, Toppenish kiosk); no candidates","Astria Toppenish Hospital pharmacy department/kiosk (502 W 4th Ave, Toppenish) | Astria Sunnyside Hospital pharmacy services (hospital)",Astria Health (hospital pharmacy departments),,,https://www.astria.health/locations/astria-sunnyside-hospital | https://www.astria.health/locations/astria-toppenish-hospital | https://www.astria.health/,2026-10-02,,,URAC/ACHC/NPPES candidates (empty) | Shields partner list (not listed) | astria.health homepage | astria.health locations page | astria.health Sunnyside and Toppenish hospital pages | web search: Astria pharmacy / specialty / infusion / 2026 news,"Astria Regional Medical Center (Yakima) closed in Jan 2020, before the 2023 Compendium, which already lists only the Sunnyside and Toppenish hospitals. No specialty, infusion or retail pharmacy found.",,,
HSI00001003,Southeast Alaska Regional Health Consortium,AK,45.0,Southeast Alaska Regional Health Consortium,unchanged,,https://searhc.org/,,,False,None found,Low,"No candidates; SEARHC pharmacy web page lists retail, mail-out and inpatient only",,,,,https://searhc.org/services/pharmacy/,['2026-10-02'],,,URAC/ACHC/NPPES candidates (none) | searhc.org/services/pharmacy | web search: SEARHC specialty pharmacy,"Pharmacy page mentions no specialty or infusion service; only software partner Liberty Software (Rx365 Mobile app), not a pharmacy manager. Absence is from limited search, so confidence is Low.",,,
HSI00000052,Arnot Health,NY,206.0,Arnot Health,merged into,Centralus Health (joint parent of Arnot Health and Cayuga Health),https://www.myhometowntoday.com/news/regional-news/elmira-corning/chemung-county/arnot-health-and-cayuga-health-complete-merger/,2025-01-08,,False,Managed or partnered,High,URAC SPP010695 + ACHC 91770 + Arnot Health website/press release (Trellis Rx partnership),Arnot Health Specialty Pharmacy,Arnot Ogden Medical Center (member hospital),"URAC SPP010695 Specialty Pharmacy (eff 2026-07-01, exp 2029-07-01) | ACHC 91770 Specialty Pharmacy Services",Trellis Rx (Comprehensive Pharmacy Services),"https://www.urac.org/directory/accreditation-details/?certification=SPP010695 | https://organization.achc.org/print?legalCompanyName=Arnot%20Ogden%20Medical%20Center&dbaCompanyName=&companyID=91770&full_address=Elmira,%20NY%2014901&physicalAddress=200%20Madison%20Ave%20Suite%201G, | https://www.arnothealth.org/specialty-pharmacy | https://www.arnothealth.org/news/partnering-with-trellis-rx-on-specialty-pharmacy-services","{'https://www.arnothealth.org/specialty-pharmacy': '2026-10-02', 'https://www.arnothealth.org/news/partnering-with-trellis-rx-on-specialty-pharmacy-services': '2021 (date shown not verified)'}",SPP010695 | 91770,,arnothealth.org specialty pharmacy page | Arnot/Trellis Rx press release (search result) | URAC and ACHC candidates,"Both accreditations held by Arnot Ogden Medical Center at 200 Madison Ave, same address as the pharmacy. Trellis role (embedded pharmacists, fund/build/operate) is from the press-release search summary and the welcome-booklet URL; booklet PDF was unreadable.",,,
HSI00000063,Augusta Health,VA,193.0,Augusta Health,unchanged,,https://www.augustahealth.com/,,,False,None found,Medium,No accreditation candidates; augustahealth.com pharmacy page lists only retail outpatient pharmacy and inpatient pharmacy,Augusta Health Outpatient Pharmacy (retail),,,,https://www.augustahealth.com/service/pharmacy/ | https://www.augustahealth.com/2023/03/the-augusta-health-pharmacy-has-moved/,2026-10-02,,,augustahealth.com pharmacy services page | web search: specialty pharmacy / outpatient pharmacy Fishersville | URAC/ACHC/NPPES candidates (none supplied),Retail outpatient pharmacy only; no mention of specialty or home infusion. A UVA Health affiliation appeared in search results (UVA Augusta Pharmacy listing) but was not investigated for specialty services.,,,
HSI00000527,Jefferson Hospital Association,AR,245.0,"Jefferson Regional Medical Center (Jefferson Hospital Association, Inc.)",acquired by,"University of Arkansas Board of Trustees (UAMS), as corporate member",https://news.uams.edu/2026/08/03/uams-and-jefferson-regional-announce-affiliation-to-expand-access-to-southeast-arkansas/,2026-08-03,,False,None found,Medium,No candidates; jrmc.org and web search show only retail/outpatient pharmacy,"Jefferson Regional Medical Center Pharmacy (retail/outpatient, 1600 W 40th Ave)",Jefferson Regional Medical Center,,,https://www.jrmc.org/locations/pharmacy/,{'https://www.jrmc.org/locations/pharmacy/': '2026-10-02'},,,"URAC/ACHC/NPPES candidates (none) | jrmc.org site search for specialty pharmacy | web search: specialty pharmacy, home infusion, 340B, outpatient pharmacy",Only a retail/outpatient pharmacy with 340B participation found; no specialty or infusion pharmacy on system site or press. Confidence medium because absence rests on web search of a small site.,,,
HSI00000870,Regional One Health,TN,291.0,Regional One Health,unchanged,,https://www.regionalonehealth.org/,,,False,"Owned, accredited",High,"URAC SPP010424 + ACHC 96582/96583/96584 + system website (operated by Regional One itself, not Shields)",Regional One Health Specialty Pharmacy | Regional One Health Pharmacy Stage Post | Regional One Health East pharmacy,Shelby County Health Care Corporation d/b/a Regional One Health (system's own legal entity),"URAC SPP010424 Specialty Pharmacy (eff 2025-05-01, exp 2028-05-01) | ACHC 96582 Specialty Pharmacy Services | ACHC 96583 Specialty Pharmacy Services | ACHC 96584 Specialty Pharmacy Services | Joint Commission (per system website)",,"https://www.urac.org/directory/accreditation-details/?certification=SPP010424 | https://organization.achc.org/print?legalCompanyName=Regional%20One%20Health%20Pharmacy%20Stage%20Post&dbaCompanyName=&companyID=96582&full_address=Bartlett,%20TN%2038133&physicalAddress=3111%20Stage%20Post%20Dr%20Ste102-104, | https://organization.achc.org/print?legalCompanyName=Shelby%20County%20Health%20Care&dbaCompanyName=Regional%20One%20Health&companyID=96584&full_address=Memphis,%20TN%2038103&physicalAddress=880%20Madison%20Avenue, | https://organization.achc.org/print?legalCompanyName=Shelby%20County%20Health%20Care%20Corp&dbaCompanyName=Regional%20One%20Health%20East&companyID=96583&full_address=Memphis,%20TN%2038119&physicalAddress=6555%20Quince%20Rd., | https://npiregistry.cms.hhs.gov/provider-view/1710959614 | https://npiregistry.cms.hhs.gov/provider-view/1679120281 | https://npiregistry.cms.hhs.gov/provider-view/1245603620 | https://www.regionalonehealth.org/specialty-pharmacy/",2026-10-02,SPP010424 | 96582 | 96583 | 96584 | 1710959614 | 1679120281 | 1245603620,,regionalonehealth.org/specialty-pharmacy | web search | URAC/ACHC/NPPES candidates,"Website states the pharmacy is operated by Regional One Health with no third-party partner named. NPPES specialty taxonomy is non-primary on all three NPIs, but they co-locate with the confirmed accredited sites.",,,
HSI00000188,Catholic Medical Center,NH,262.0,Catholic Medical Center,acquired by,HCA Healthcare,https://www.healthcaredive.com/news/hca-finalizes-acquisition-catholic-medical-center/739109/,2025-02-01,,True,,,No candidates; CMC website pharmacies page lists only community pharmacies,,,,,https://catholicmedicalcenter.org/patients-visitors/visitor-information/local-amenities-and-lodging/pharmacies,['2026-10-02'],,,URAC/ACHC/NPPES candidates (none) | catholicmedicalcenter.org pharmacies page | web search: CMC Manchester specialty/outpatient/home infusion pharmacy,"A search summary suggested CMC is affiliated with New England Life Care (independent nonprofit home infusion/specialty provider); I could not verify it (page returned 503), so it is not counted as a CMC pharmacy.",,current parent 'HCA Healthcare' is for-profit -> now_for_profit,
HSI00001275,Yuma Regional Medical Center,AZ,430.0,Onvida Health,renamed,,https://www.onvidahealth.org/yuma-regional-medical-center-changes-its-name-to-onvida-health/,2024-10-09,,False,None found,Medium,"Onvida Health website and press releases show only a hospital oncology pharmacy, a ProxsysRx-run retail pharmacy and an outpatient infusion clinic; no candidates","Onvida Health Cancer and Blood Disorders Center oncology pharmacy (hospital chemo compounding) | YRMC Foothills Pharmacy (retail, owned/managed by ProxsysRx)",Onvida Health (hospital oncology pharmacy); ProxsysRx (Foothills retail pharmacy),,,https://www.onvidahealth.org/yrmc-announces-the-opening-of-foothills-pharmacy/ | https://www.onvidahealth.org/location/outpatient-infusion-therapy/ | https://www.onvidahealth.org/yuma-regional-medical-center-changes-its-name-to-onvida-health/,2024-08-21,,,URAC/ACHC/NPPES candidates (empty) | Shields partner list (not listed) | onvidahealth.org outpatient infusion page | onvidahealth.org Foothills pharmacy press release | onvidahealth.org web search: specialty pharmacy / home infusion / outpatient pharmacy | onvidahealth.org rename announcement,Renamed Onvida Health (Oct 2024); no specialty or home-infusion pharmacy found on its site. The Foothills retail pharmacy is run by ProxsysRx and is not a specialty pharmacy; not on Shields list.,,,
HSI00000107,Benefis Health System,MT,362.0,Benefis Health System,unchanged,,https://www.benefis.org/about-benefis/,,,False,"Owned, accredited",High,URAC SPP010275 + ACHC 89958 + Benefis system news page,Benefis Specialty Pharmacy | Benefis Ambulatory Pharmacy,"Benefis Hospitals, Inc. (member hospital)",URAC SPP010275 Specialty Pharmacy (2024-08-01 to 2027-08-01) | ACHC 89958 Specialty Pharmacy Services,,"https://www.urac.org/directory/accreditation-details/?certification=SPP010275 | https://organization.achc.org/print?legalCompanyName=Benefis%20Hospitals,%20Inc.&dbaCompanyName=Benefis%20Specialty%20Pharmacy&companyID=89958&full_address=Great%20Falls,%20MT%2059405-4304&physicalAddress=Benefis%20Specialty%20Pharmacy-West%20Campus,%20500%2015th%20Ave%20South,%20Suite%202 | https://npiregistry.cms.hhs.gov/provider-view/1578254942 | https://www.benefis.org/about-benefis/news-center/2024/a-closer-look-at-the-benefis-specialty-pharmacy/ | https://www.visante.com/insights/case-studies/a-strategic-collaboration-for-sustained-340b-success-at-benefis-health-system/",Benefis news page 2024 (via search snippet; direct fetch returned 403); Visante case study 2025-09-29; registries 2026-10-02,URAC SPP010275 | ACHC 89958 | NPPES 1578254942,,benefis.org news (via web search; direct fetch 403) | Shields partner list (Benefis not listed) | Visante case study | URAC/ACHC/NPPES candidates,"Benefis describes an entity-owned ambulatory, specialty and home infusion pharmacy; launched 2023. Visante is a 340B consultant, not a pharmacy manager; the NPPES hit lists specialty taxonomy as non-primary.",,,
HSI00000579,Lexington Medical Center,SC,541.0,Lexington Health (formerly Lexington Medical Center),renamed,,https://www.centralsc.org/news/lexington-medical-center-network-of-care-is-now-known-as-lexington-health,2025-08,,False,Unknown,Low,All candidates rejected; only third-party directory listings for system oncology outpatient dispensing pharmacy,"Lexington Oncology Outpatient Dispensing Pharmacy (222 E Medical Ln Ste 400, West Columbia)","Lexington County Health Service District, Inc. (Lexington Medical Center)",,,https://www.rxless.com/pharmacies/southcarolina/westcolumbia/lexington-oncology-outpatient-dispensing-pharmacy/222-E-MEDICAL-LN-STE-400/1023616232,{'rxless listing': '2026-10-02'},,"urac:SPP010301: Longs Drugs of Lexington SC is a CVS retail pharmacy, not the hospital | achc:61674: Long's Drugs (CVS/Avita), unrelated to the system | nppes:1235812587: Longs Drugs (CVS) retail, North Charleston | nppes:1568964567: Longs Drugs (CVS) specialty taxonomy, unrelated",URAC/ACHC/NPPES candidates | lexhealth.com search | web search for specialty/outpatient pharmacy/infusion,"A system oncology outpatient dispensing pharmacy exists but lexhealth.com did not confirm it as specialty or accredited; could be Owned, not accredited with direct confirmation. Palmetto Infusion Services appears unrelated (not verified).",,,
HSI00001076,The Childrens Mercy Hospital,MO,370.0,Children's Mercy Kansas City,unchanged,,https://www.childrensmercy.org/about-us/,,,False,"Owned, accredited",Medium,URAC SPP010551 + NPPES 1356839617 (same address); job posting for Specialty Pharmacy Manager (Riverside),Children's Mercy Riverside Pharmacy | Children's Mercy Hemophilia Treatment Center pharmacy | Children's Mercy Home Care Infusion & Pharmacy,The Children's Mercy Hospital (system itself),"URAC SPP010551 Specialty Pharmacy (eff 2026-01-01, exp 2029-01-01)",,https://www.urac.org/directory/accreditation-details/?certification=SPP010551 | https://npiregistry.cms.hhs.gov/provider-view/1356839617 | https://npiregistry.cms.hhs.gov/provider-view/1043473556 | https://npiregistry.cms.hhs.gov/provider-view/1598809600 | https://www.childrensmercy.org/your-visit/while-you-are-here/pharmacy/ | https://www.tealhq.com/job/specialty-pharmacy-manager-riverside_e7988683-3637-4d13-b4fb-80bfdaf6034b,2026-10-02,SPP010551 | 1356839617 | 1043473556 | 1598809600,,childrensmercy.org pharmacy page | web search for Riverside specialty pharmacy | URAC/NPPES candidates,The system pharmacy page does not mention the specialty pharmacy; confirmation rests on URAC (legal entity is the system) plus a third-party job posting. No outside manager found.,,,
HSI00000874,Renown Health,NV,592.0,Renown Health,unchanged,,https://en.wikipedia.org/wiki/Renown_Health,,,False,Managed or partnered,High,URAC SPP010338 + ACHC 82170 + NPPES 1871195347 + Shields partner list,Renown Pharmacy | Renown Specialty Pharmacy,Renown Regional Medical Center (member hospital),"URAC SPP010338 Specialty Pharmacy (eff 2024-12-01, exp 2027-12-01) | ACHC 82170 Specialty Pharmacy Services",Shields Health Solutions,"https://www.urac.org/directory/accreditation-details/?certification=SPP010338 | https://organization.achc.org/print?legalCompanyName=Renown%20Regional%20Medical%20Center&dbaCompanyName=Renown%20Pharmacy&companyID=82170&full_address=Reno,%20NV%2089502&physicalAddress=21%20Locust%20Street, | https://npiregistry.cms.hhs.gov/provider-view/1871195347 | https://shieldshealthsolutions.com/about-us/partner-health-systems | https://www.renown.org/Health-Services/Pharmacy",['2026-10-02'],SPP010338 | 82170 | 1871195347,,URAC | ACHC | NPPES | renown.org pharmacy pages (search; direct fetch 429) | Shields partner list | web search,Renown is on Shields' partner-health-system list; exact scope (Shields managing this pharmacy) is inferred from the listing and not confirmed by a Renown press release. Renown's own pages do not name Shields.,Renown Health (NV),,
HSI00000224,Cincinnati Childrens Hospital Medical Center,OH,711.0,Cincinnati Children's Hospital Medical Center,unchanged,,https://www.cincinnatichildrens.org/about/uc-affiliation,,,False,"Owned, accredited",High,URAC SPP010530 + Cincinnati Children's Home Care Pharmacy web page (dual-accredited),"Cincinnati Children's Home Care Pharmacy (specialty, infusion, enteral)",Cincinnati Children's Hospital Medical Center,"URAC SPP010530 Specialty Pharmacy (eff 2025-12-01, exp 2028-12-01)",,https://www.urac.org/directory/accreditation-details/?certification=SPP010530 | https://www.cincinnatichildrens.org/service/h/home-care-pharmacy | https://www.cincinnatichildrens.org/service/p/pharmacy/services,"{'https://www.cincinnatichildrens.org/service/h/home-care-pharmacy': '2026-10-02', 'https://www.cincinnatichildrens.org/service/p/pharmacy/services': '2026-10-02'}",SPP010530,"SPP010397: Akron Children's Hospital, different system | SPP010241: Dayton Children's, different system | SPP010186: Nationwide Children's, different system | SPP010682: Rocking Horse Children's Health Center, unrelated FQHC in Springfield OH | ACHC 97967: Akron Children's, different system | ACHC 80136: Dayton Children's, different system | ACHC 77328: Nationwide Children's, different system | ACHC 99059: Rocking Horse, unrelated | NPI 1841916905: Akron Children's | NPI 1134918394: Akron Children's (Boardman) | NPI 1255942868: Dayton Children's | NPI 1235866203: Nationwide Children's | NPI 1134152986: Nationwide Children's hospital | NPI 1679977060: Nationwide Children's pharmacy",cincinnatichildrens.org pharmacy pages | web search | URAC/ACHC/NPPES candidates,Web page says dual-accredited by Joint Commission and URAC; no ACHC record found and no outside manager named. No Cincinnati Children's NPPES specialty-taxonomy record was in the candidates.,,,
HSI00000569,Lakeland Regional Health,FL,764.0,Lakeland Regional Health,unchanged,,https://www.mylrh.org/,,,False,Managed or partnered,High,URAC SPP010692 + ACHC 98321 + system press release (Shields partnership),Lakeland Regional Health Pharmacy,"Lakeland Regional Medical Center, Inc. (member hospital)",URAC SPP010692 Specialty Pharmacy (2026-07-01 to 2029-07-01) | ACHC 98321 Specialty Pharmacy Services,Shields Health Solutions,"https://www.urac.org/directory/accreditation-details/?certification=SPP010692 | https://organization.achc.org/print?legalCompanyName=Lakeland%20Regional%20Medical%20Center,%20Inc.&dbaCompanyName=Lakeland%20Regional%20Health%20Pharmacy&companyID=98321&full_address=Winter%20Haven,%20FL%2033881&physicalAddress=199%20Avenue%20B%20NW%20Suite%20385, | https://www.mylrh.org/shields-health-solutions-and-lakeland-regional-health-collaborate-to-enhance-patient-access-to-specialty-pharmacy-care/ | https://www.hcinnovationgroup.com/clinical-it/pharmacy/article/55335698/why-lakeland-regional-health-created-its-own-specialty-pharmacy | https://shieldshealthsolutions.com/about-us/partner-health-systems",mylrh.org press release 2025-11-12; HC Innovation article 2025-12-02; registries 2026-10-02,URAC SPP010692 | ACHC 98321,,mylrh.org pharmacy page and press release | Shields partner list | HC Innovation Group article | URAC/ACHC candidates,"Pharmacy is LRH-operated and accredited, with Shields as the named accelerator/operating partner, so the partnered tier takes precedence. The mylrh.org pharmacy page itself does not mention specialty services.",Lakeland Regional Health (FL),,
HSI00000057,Aspirus,WI,699.0,Aspirus Health,unchanged,,https://en.wikipedia.org/wiki/Aspirus_Health,,,False,"Owned, accredited",High,URAC SPP010289 + NPPES specialty-primary + Aspirus location page,Aspirus Pharmacy - Westwood Wausau (Aspirus Specialty Pharmacy),"Aspirus Rhinelander & Tomahawk Hospitals & Clinics, Inc. (member hospitals' entity)","URAC SPP010289 Specialty Pharmacy (eff 2024-09-01, exp 2027-09-01)",,https://www.urac.org/directory/accreditation-details/?certification=SPP010289 | https://npiregistry.cms.hhs.gov/provider-view/1922857408 | https://locations.aspirus.org/wi/wausau/1901-westwood-center-boulevard/pharmacies | https://www.aspirus.org/Uploads/Public/Documents/Pharmacy/PHARM-205_Booklet_Welcome%20Packet.pdf,"{'https://locations.aspirus.org/wi/wausau/1901-westwood-center-boulevard/pharmacies': '2026-10-02', 'welcome packet': '2026-10-02'}",urac:SPP010289 | nppes:1922857408,"nppes:1801873476: Stoxen Pharmacy Inc, independent retail pharmacy in Rhinelander, community taxonomy, not Aspirus-owned",URAC/ACHC/NPPES candidates | aspirus.org/locations.aspirus.org pharmacy pages | web search for Shields/partnership,No partner found; no ACHC record. Stoxen address match with Rhinelander hospital is coincidental.,,,
HSI00001236,WakeMed Health and Hospitals,NC,839.0,WakeMed Health & Hospitals,unchanged,,https://www.wral.com/news/local/where-wake-county-and-state-leaders-stand-ahead-of-atrium-wakemed-merger-vote-september-2026/,,,False,"Owned, not accredited",Low,NPPES 1093663783 only (WakeMed OP LLC dba WakeMed Specialty Pharmacy); directory listings show the pharmacy operating,WakeMed Specialty Pharmacy,WakeMed OP LLC (apparent WakeMed subsidiary; not confirmed on a WakeMed page),,,https://npiregistry.cms.hhs.gov/provider-view/1093663783 | https://www.healthgrades.com/pharmacy/wakemed-specialty-pharmacy-u2tvl6r | https://www.wakemed.org/location/outpatient-pharmacy-raleigh-campus,2026-10-02,1093663783,,"wakemed.org outpatient pharmacy page | web search for specialty pharmacy, Shields/Trellis, accreditation | URAC/ACHC (none)","No URAC/ACHC record and no WakeMed page describing a specialty pharmacy, so the tier is inferred from NPPES plus a directory listing. A partner is not ruled out.",,,
HSI00000848,ProMedica,OH,1272.0,ProMedica,unchanged,,https://www.promedica.org/,,,False,"Owned, accredited",High,URAC SPP010455 + ACHC 77833 + NPPES 1245986694 + ProMedica website,"ProMedica Specialty Pharmacy | ProMedica Pharmacy Group, LLC | ProMedica Home Infusion Pharmacy Services | ProMedica Outpatient Pharmacy","ProMedica Pharmacy Group, LLC (ProMedica subsidiary; Toledo Hospital owns infusion and outpatient NPIs)","URAC SPP010455 Specialty Pharmacy (eff 2025-07-01, exp 2028-07-01) | ACHC 77833 Specialty Pharmacy Services",,"https://www.urac.org/directory/accreditation-details/?certification=SPP010455 | https://organization.achc.org/print?legalCompanyName=ProMedica%20Pharmacy%20Group,%20LLC&dbaCompanyName=ProMedica%20Specialty%20Pharmacy&companyID=77833&full_address=Toledo,%20OH%2043606&physicalAddress=3142%20W%20Central%20Ave, | https://npiregistry.cms.hhs.gov/provider-view/1245986694 | https://npiregistry.cms.hhs.gov/provider-view/1386535011 | https://npiregistry.cms.hhs.gov/provider-view/1740217678 | https://www.promedica.org/locations-and-doctors/location/clinics/promedica-specialty-pharmacy",['2026-10-02'],SPP010455 | 77833 | 1245986694 | 1386535011 | 1740217678,,URAC | ACHC | NPPES | promedica.org (search listing; direct fetch 403) | web search for Shields/Trellis/Optum/Walgreens partnership (none found),"All three NPPES records are ProMedica entities; 1386535011 is home infusion and 1740217678 is retail outpatient (specialty taxonomy only in a secondary position), so only 1245986694 supports specialty. No outside manager found; the ProMedica page itself was only seen via search snippet.",,,
HSI00000516,Intermountain Healthcare,UT,3938.0,Intermountain Health,unchanged,,https://intermountainhealthcare.org/,,,False,Managed or partnered,High,URAC SPP010329 + SPP010381 + ACHC 75217 + 78008 + Intermountain website,"Intermountain Specialty Pharmacy (Midvale, UT) | Intermountain Specialty Pharmacy - Denver | Intermountain Home Delivery Pharmacy | Intermountain Health Infusion Pharmacy","IHC Health Services, Inc. (system subsidiary); Sisters of Charity of Leavenworth Health System, Inc. (SCL Health, merged into Intermountain in 2022)",URAC SPP010329 Specialty Pharmacy (exp 2027-09-01) | URAC SPP010381 Specialty Pharmacy - Denver (exp 2028-03-01) | ACHC 75217 Specialty Pharmacy Services | ACHC 78008 Specialty Pharmacy Services (Denver),Shields Health Solutions,"https://www.urac.org/directory/accreditation-details/?certification=SPP010329 | https://www.urac.org/directory/accreditation-details/?certification=SPP010381 | https://organization.achc.org/print?legalCompanyName=IHC%20Health%20Services,%20Inc.&dbaCompanyName=Intermountain%20Specialty%20Pharmacy&companyID=75217&full_address=Midvale,%20UT%2084047&physicalAddress=7268%20S%20Bingham%20Junction%20Blvd.,%20Suite%20B1, | https://organization.achc.org/print?legalCompanyName=Sisters%20of%20Charity%20of%20Leavenworth%20Health%20System%20Inc&dbaCompanyName=Intermountain%20Specialty%20Pharmacy%20-%20Denver&companyID=78008&full_address=Denver,%20CO%2080218&physicalAddress=1830%20Franklin%20St,%20Suite%20190, | https://npiregistry.cms.hhs.gov/provider-view/1093130031 | https://npiregistry.cms.hhs.gov/provider-view/1508119918 | https://npiregistry.cms.hhs.gov/provider-view/1396852000 | https://intermountainhealthcare.org/services/pharmacy/specialty-pharmacy | https://shieldshealthsolutions.com/about-us/partner-health-systems",{'https://intermountainhealthcare.org/services/pharmacy/specialty-pharmacy': '2026-10-02'},SPP010329 | SPP010381 | 75217 | 78008 | 1093130031 | 1508119918 | 1396852000,"NPI 1336080761: Intermountain retail pharmacy at St. Mary's Grand Junction; Pharmacy taxonomy, not specialty; owned by SCL entity but not a specialty pharmacy | NPI 1255630851: Harmons grocery pharmacy, unrelated Utah retail chain",intermountainhealthcare.org specialty pharmacy page | web search incl. SCL Health merger | URAC/ACHC/NPPES candidates,"1396852000 is a home infusion pharmacy (supports infusion capability, not specialty taxonomy); 1508119918 is the mail-order taxonomy of the same specialty pharmacy. No outside manager found.",Intermountain Health (CO); Intermountain Health (ID); Intermountain Health (MT); Intermountain Health (UT),"on Shields partner list: Owned, accredited -> Managed or partnered",
HSI00001081,Houston Methodist,TX,2653.0,Houston Methodist,unchanged,,https://www.houstonmethodist.org/newsroom/,,,False,Managed or partnered,Medium,URAC SPP010047 + ACHC 76082 + system website; Shields partner list and Sept 2026 Shields release,Houston Methodist Specialty Pharmacy | Houston Methodist Pharmacy,The Methodist Hospital (member hospital),"URAC SPP010047 Specialty Pharmacy (2023-10-01 to 2026-10-01; expiry was yesterday, renewal not verified) | ACHC 76082 Specialty Pharmacy Services",Shields Health Solutions,"https://www.urac.org/directory/accreditation-details/?certification=SPP010047 | https://organization.achc.org/print?legalCompanyName=The%20Methodist%20Hospital&dbaCompanyName=Houston%20Methodist%20Pharmacy&companyID=76082&full_address=Houston%20,%20TX%2077070&physicalAddress=13300%20Hargrave%20Road,%20Suite%20360, | https://npiregistry.cms.hhs.gov/provider-view/1073112272 | https://npiregistry.cms.hhs.gov/provider-view/1801208665 | https://www.houstonmethodist.org/specialty-pharmacy/ | https://shieldshealthsolutions.com/about-us/partner-health-systems | https://finance.yahoo.com/healthcare/articles/shields-health-solutions-brings-clinical-140600024.html",houstonmethodist.org undated (2026 copyright); Shields release 2026-09-15; registries 2026-10-02,URAC SPP010047 | ACHC 76082 | NPPES 1073112272 | NPPES 1801208665,"URAC SPP010611: Methodist Community Pharmacy LLC Dallas - Methodist Health System (Dallas), different system | URAC SPP010622: Texas Health Harris Methodist Hospital Fort Worth - Texas Health Resources, different system | ACHC 94808: Methodist Community Pharmacy Dallas - Methodist Health System (Dallas) | ACHC 85388: Oncology Pharmacy Services / Texas Oncology Pharmacy-Methodist Charlton, Dallas - unrelated | ACHC 99899: Texas Health Retail Pharmacy Fort Worth - Texas Health Resources | NPPES 1568451763: Methodist Children's Hospital / Covenant Home Infusion, Lubbock - Covenant Health, different system | NPPES 1538633326: Methodist Community Pharmacy LLC Dallas - Methodist Health System (Dallas) | NPPES 1427070770: Oncology Pharmacy Services / Texas Oncology Pharmacy Methodist, Dallas - unrelated | NPPES 1477376119: Texas Health Harris Methodist Fort Worth - Texas Health Resources",houstonmethodist.org/specialty-pharmacy | Shields partner page and Sept 2026 release | web search on Methodist Community Pharmacy Dallas ownership | URAC/ACHC/NPPES candidates,"Houston Methodist is on the Shields partner list and its pharmacy director is quoted in Shields' Sept 2026 release, but no source states that Shields manages the pharmacy, so confidence is Medium. The URAC cert expired 2026-10-01; renewal should be checked.",Houston Methodist (TX),,SPP010047 expires 2026-10-01
HSI00000152,Christus Health,TX,3916.0,CHRISTUS Health,unchanged,,https://www.christushealth.org/,,,False,Managed or partnered,High,URAC SPP010353 + ACHC 82691 + CHRISTUS website + Shields press release,CHRISTUS Specialty Pharmacy (Tyler) | Christus St. Vincent Outpatient Pharmacy (Santa Fe) | Christus St. Michael Health Care Center Pharmacy (Texarkana),"Mother Frances Hospital Regional Health Care Center (Tyler); St. Vincent Hospital/Regional Medical Center (Santa Fe); Christus Health Ark-La-Tex (Texarkana, system subsidiary)","URAC SPP010353 Specialty Pharmacy (Tyler) | URAC SPP010057 Specialty Pharmacy (Santa Fe, exp 2026-10-01) | ACHC 82691 Specialty Pharmacy Services (Tyler) | ACHC 99394 Specialty Pharmacy Services (Santa Fe) | ACHC 99925 Specialty Pharmacy Services (Texarkana)",Shields Health Solutions,"https://www.urac.org/directory/accreditation-details/?certification=SPP010353 | https://www.urac.org/directory/accreditation-details/?certification=SPP010057 | https://organization.achc.org/print?legalCompanyName=Mother%20Frances%20Hospital%20Regional%20Health%20Care%20Center&dbaCompanyName=CHRISTUS%20Specialty%20Pharmacy&companyID=82691&full_address=Tyler,%20TX%2075701&physicalAddress=800%20E%20Dawson%20St%20Ste%20100, | https://organization.achc.org/print?legalCompanyName=Christus%20St.%20Vincent%20Regional%20Medical%20Center&dbaCompanyName=Christus%20St.%20Vincent%20Outpatient%20Pharmacy&companyID=99394&full_address=Santa%20Fe,%20NM%2087505&physicalAddress=465%20St.%20Michael's%20Drive%20Suite%20112, | https://organization.achc.org/print?legalCompanyName=Christus%20Health%20ARK-LA-TEX&dbaCompanyName=Christus%20St.%20Michael%20Health%20Care%20Center%20Pharmacy&companyID=99925&full_address=Texarkana,%20TX%2075503&physicalAddress=2604%20St%20Michael%20Drive%20Suite%20200, | https://npiregistry.cms.hhs.gov/provider-view/1205546777 | https://npiregistry.cms.hhs.gov/provider-view/1366980427 | https://npiregistry.cms.hhs.gov/provider-view/1144689514 | https://npiregistry.cms.hhs.gov/provider-view/1851930895 | https://npiregistry.cms.hhs.gov/provider-view/1104406511 | https://npiregistry.cms.hhs.gov/provider-view/1417531021 | https://www.christushealth.org/locations/specialty-pharmacy | https://www.prnewswire.com/news-releases/christus-health-partners-with-shields-health-solutions-to-give-patients-and-families-enhanced-specialty-pharmacy-services-301322355.html | https://shieldshealthsolutions.com/christus-health/ | https://shieldshealthsolutions.com/about-us/partner-health-systems","{'prnewswire release': '2021-06-29', 'christushealth.org': '2026-10-02', 'shieldshealthsolutions.com': '2026-10-02'}",urac:SPP010353 | urac:SPP010057 | achc:82691 | achc:99394 | achc:99925 | nppes:1205546777 | nppes:1366980427 | nppes:1144689514 | nppes:1851930895 | nppes:1104406511 | nppes:1417531021,,URAC/ACHC/NPPES candidates | christushealth.org specialty pharmacy page | web search: Shields/partner/URAC,Shields partnership documented for Tyler pharmacy; whether Santa Fe and Texarkana pharmacies are also Shields-managed was not verified. NPPES 1851930895 (DME primary taxonomy) and the community-taxonomy duplicates are accepted only as same-address records of confirmed pharmacies.,Christus Health (LA); Christus Health (NM); Christus Health (TX),,SPP010057 expires 2026-10-01
HSI00000631,Mayo Clinic Health System,MN,2792.0,Mayo Clinic Health System,unchanged,,https://www.mayoclinic.org/,,,False,"Owned, accredited",High,URAC SPP010620 + ACHC 65635 (both Mayo Foundation) + NPPES 1932428547; search snippets state URAC and ACHC accredited,Mayo Clinic Specialty Pharmacy | Mayo Clinic Pharmacy | MCHS La Crosse Home Infusion Pharmacy | MCHS Eau Claire Hospital Pharmacy | Mayo Clinic Home Infusion Therapy (Jacksonville),Mayo Foundation for Medical Education and Research (parent of Mayo Clinic and Mayo Clinic Health System); infusion sites owned by MCHS entities and Mayo Clinic Jacksonville,"URAC SPP010620 Specialty Pharmacy (eff 2026-04-01, exp 2029-03-01) | ACHC 65635 Specialty Pharmacy Services | ACHC 93475 Infusion Pharmacy Services | ACHC 38892 Infusion Pharmacy Services | ACHC 90155 Infusion Pharmacy Services",,"https://www.urac.org/directory/accreditation-details/?certification=SPP010620 | https://organization.achc.org/print?legalCompanyName=Mayo%20Foundation%20for%20Medical%20Education%20and%20Research&dbaCompanyName=Mayo%20Clinic%20Pharmacy&companyID=65635&full_address=Rochester,%20MN%2055902&physicalAddress=3551%20Commercial%20Drive%20SW, | https://organization.achc.org/print?legalCompanyName=Mayo%20Clinic%20Health%20System%20La%20Crosse%20Hospital%20Pharmacy&dbaCompanyName=MCHS%20-%20La%20Crosse%20Home%20Infusion%20Pharmacy&companyID=93475&full_address=La%20Crosse,%20WI%2054601&physicalAddress=700%20West%20Avenue%20South, | https://organization.achc.org/print?legalCompanyName=Mayo%20Clinic%20Health%20System-Northwest%20Wisconsin%20Region,%20Inc.&dbaCompanyName=Mayo%20Clinic%20Health%20System%20-%20Eau%20Claire%20Hospital%20Pharmacy&companyID=38892&full_address=Eau%20Claire,%20WI%2054703&physicalAddress=1221%20Whipple%20St., | https://organization.achc.org/print?legalCompanyName=Mayo%20Clinic%20Jacksonville&dbaCompanyName=Mayo%20Clinic%20Home%20Infusion%20Therapy&companyID=90155&full_address=Jacksonville,%20FL%2032224&physicalAddress=4500%20San%20Pablo%20Rd,%20MANG%202131, | https://npiregistry.cms.hhs.gov/provider-view/1932428547 | https://npiregistry.cms.hhs.gov/provider-view/1609970664 | https://www.mayoclinic.org/patient-visitor-guide/minnesota/pharmacy-services",2026-10-02,SPP010620 | 65635 | 93475 | 38892 | 90155 | 1932428547 | 1609970664,,mayoclinic.org pharmacy services (fetch returned 403; used search snippets) | web search for Mayo specialty pharmacy accreditation | URAC/ACHC/NPPES candidates,"Specialty pharmacy sits in Mayo Foundation (Rochester), parent of Mayo Clinic Health System; the three ACHC infusion records are infusion-only. Mayo's own page could not be fetched, so web claims come from search snippets.",,,
HSI00001126,UPMC,PA,5972.0,UPMC,unchanged,,https://www.upmc.com/,,,False,"Owned, accredited",High,ACHC 93432 and 80783 + UPMC Forbes Pharmacy web page,Forbes Pharmacy | Pint Size Prescriptions (UPMC Children's),UPMC Community Provider Services (UPMC subsidiary),ACHC 93432 Specialty Pharmacy Services | ACHC 80783 Specialty Pharmacy Services,,"https://organization.achc.org/print?legalCompanyName=UPMC%20Community%20Provider%20Services&dbaCompanyName=Pint%20Size%20Prescriptions&companyID=93432&full_address=Pittsburgh,%20PA%2015224&physicalAddress=4401%20Penn%20Avenue,%20Floor%201, | https://organization.achc.org/print?legalCompanyName=UPMC%20Community%20Provider%20Services%20d/b/a%20Forbes%20Pharmacy&dbaCompanyName=Forbes%20Pharmacy&companyID=80783&full_address=Pittsburgh,%20PA%2015213&physicalAddress=3501%20Forbes%20Avenue, | https://www.upmc.com/services/pharmacy/forbes | https://www.upmc.com/services/pharmacy | https://chartwellpa.com/about/press-releases/ChartwellPA-URAC-accreditation.asp | https://carepathrxllc.com/2020/12/01/carepathrx-announces-landmark-partnership-with-upmc/","['2026-10-02', '2018-06-20 (Chartwell URAC release)', '2020-12-01 (CarepathRx release)']",93432 | 80783,,URAC (none) | ACHC | NPPES (none) | upmc.com pharmacy pages | Shields/Chartwell/CarepathRx press releases | web search,"Separately, UPMC-affiliated Chartwell Pennsylvania (home infusion and specialty, URAC-accredited 2018; owned by UPMC, Butler, Heritage Valley, Washington Health) is managed by CarepathRx (UPMC is an investor) and joined Shields' Excelera network in 2020; it is a separate JV and not counted as the owned-pharmacy basis. The Pint Size Prescriptions address is believed to be the UPMC Children's campus.",,,
