system_id,system_name,match_basis,urac_cert,program,status,organization,street,city,state,zip5,effective_date,expiration_date,evidence_url,evidence_as_of
HSI00000619,Marshall Medical Center,system name: Marshall Medical Center | member hospital: Marshall Hospital,SPP010062,Specialty Pharmacy,Full Accreditation,Marshall Medical Center on behalf of its pharmacy Marshall Medical Specialty Pharmacy,"3581 Palmer Drive, Ste 600",Placerville,CA,95667,2023-10-01,2026-10-01,https://www.urac.org/directory/accreditation-details/?certification=SPP010062,2026-09-23
HSI00000052,Arnot Health,system name: Arnot Health | member hospital: Arnot-Ogden Medical Center,SPP010695,Specialty Pharmacy,Full Accreditation,Arnot Ogden Medical Center on behalf its Arnot Health Specialty Pharmacy,200 Madison Avenue Suite G1,Elmira,NY,14901,2026-07-01,2029-07-01,https://www.urac.org/directory/accreditation-details/?certification=SPP010695,2026-09-23
HSI00000870,Regional One Health,system name: Regional One Health | member hospital: Regional One Health | address = member hospital: Regional One Health,SPP010424,Specialty Pharmacy,Full Accreditation,Shelby County Health Care Corporation d/b/a Regional One Health,877 Jefferson Avenue,Memphis,TN,38103,2025-05-01,2028-05-01,https://www.urac.org/directory/accreditation-details/?certification=SPP010424,2026-09-23
HSI00000107,Benefis Health System,system name: Benefis Health System | member hospital: Benefis Hospitals  Inc.,SPP010275,Specialty Pharmacy,Full Accreditation,"Benefis Hospitals, Inc. on behalf of Benefis Ambulatory Pharmacy","500 15th Avenue South, Ste 2",Great Falls,MT,59405,2024-08-01,2027-08-01,https://www.urac.org/directory/accreditation-details/?certification=SPP010275,2026-09-23
HSI00000579,Lexington Medical Center,system name: Lexington Medical Center | member hospital: Lexington Medical Center,SPP010301,Specialty Pharmacy,Full Accreditation,"Longs Drugs of Lexington, SC Inc.",1216 West Main St,Lexington,SC,29072,2024-09-01,2027-07-01,https://www.urac.org/directory/accreditation-details/?certification=SPP010301,2026-09-23
HSI00001076,The Childrens Mercy Hospital,system name: The Childrens Mercy Hospital | member hospital: Childrens Mercy Hospital,SPP010551,Specialty Pharmacy,Full Accreditation,The Children's Mercy Hospital on behalf of its pharmacy Children's Mercy Riverside Pharmacy,700 NW Argosy Parkway Suite 150,Riverside,MO,64150,2026-01-01,2029-01-01,https://www.urac.org/directory/accreditation-details/?certification=SPP010551,2026-09-23
HSI00000874,Renown Health,system name: Renown Health | member hospital: Renown Regional Medical Center,SPP010338,Specialty Pharmacy,Full Accreditation,Renown Regional Medical Center on behalf of its pharmacy Renown Pharmacy,"640 Maestro Drive , Suite 100",Reno,NV,89511,2024-12-01,2027-12-01,https://www.urac.org/directory/accreditation-details/?certification=SPP010338,2026-09-23
HSI00000224,Cincinnati Childrens Hospital Medical Center,member hospital: Childrens Hospital Medical Center,SPP010397,Specialty Pharmacy,Full Accreditation,Children's Hospital Medical Center of Akron d/b/a Akron Children's Hospital on behalf of Children's Hosp Med CTR of Akron Ambulatory Care Center Pharmacy,"215 West Bowery Street, Level 3",Akron,OH,44302,2025-04-01,2028-04-01,https://www.urac.org/directory/accreditation-details/?certification=SPP010397,2026-09-23
HSI00000224,Cincinnati Childrens Hospital Medical Center,system name: Cincinnati Childrens Hospital Medical Center | member hospital: Childrens Hospital Medical Center,SPP010530,Specialty Pharmacy,Full Accreditation,Cincinnati Children's Hospital Medical Center,3333 Burnet Ave. MLC 5017,Cincinnati,OH,45229,2025-12-01,2028-12-01,https://www.urac.org/directory/accreditation-details/?certification=SPP010530,2026-09-23
HSI00000224,Cincinnati Childrens Hospital Medical Center,member hospital: Childrens Hospital Medical Center,SPP010241,Specialty Pharmacy,Full Accreditation,Dayton Children's Hospital an Ohio not-for-profit Corporation on behalf of its pharmacy Dayton Children's Hospital Specialty Pharmacy,1 Children's Plaza,Dayton,OH,45404,2024-07-01,2027-07-01,https://www.urac.org/directory/accreditation-details/?certification=SPP010241,2026-09-23
HSI00000224,Cincinnati Childrens Hospital Medical Center,member hospital: Childrens Hospital Medical Center,SPP010186,Specialty Pharmacy,Full Accreditation,Nationwide Children's Hospital,700 Children's Drive,Columbus,OH,43205,2024-03-01,2027-03-01,https://www.urac.org/directory/accreditation-details/?certification=SPP010186,2026-09-23
HSI00000224,Cincinnati Childrens Hospital Medical Center,member hospital: Childrens Hospital Medical Center,SPP010682,Specialty Pharmacy,Full Accreditation,Rocking Horse Children's Health Center on behalf of Rocking Horse Community Health Center Pharmacy,651 Limestone St.,Springfield,OH,45505,2026-07-01,2029-07-01,https://www.urac.org/directory/accreditation-details/?certification=SPP010682,2026-09-23
HSI00000569,Lakeland Regional Health,system name: Lakeland Regional Health,SPP010692,Specialty Pharmacy,Full Accreditation,"Lakeland Regional Medical Center, Inc on behalf of its pharmacy Lakeland Regional Health Pharmacy","199 Avenue B NW, Suite 385",Winter Haven,FL,33881,2026-07-01,2029-07-01,https://www.urac.org/directory/accreditation-details/?certification=SPP010692,2026-09-23
HSI00000057,Aspirus,system name: Aspirus | member hospital: Aspirus Wausau Hospital | member hospital: Aspirus Tomahawk Hospital,SPP010289,Specialty Pharmacy,Full Accreditation,"Aspirus Rhinelander & Tomahawk Hospitals & Clinics, Inc. on behalf of its pharmacy Aspirus Pharmacy -Westwood Wausau",1901 Westwood Center Blvd,Wausau,WI,54401,2024-09-01,2027-09-01,https://www.urac.org/directory/accreditation-details/?certification=SPP010289,2026-09-23
HSI00000848,ProMedica,system name: ProMedica,SPP010455,Specialty Pharmacy,Full Accreditation,"ProMedica Pharmacy Group, LLC",3142 W. Central Avenue,Toledo,OH,43606,2025-07-01,2028-07-01,https://www.urac.org/directory/accreditation-details/?certification=SPP010455,2026-09-23
HSI00000516,Intermountain Healthcare,system name: Intermountain Healthcare | member hospital: Intermountain Medical Center,SPP010329,Specialty Pharmacy,Full Accreditation,"IHC Health Services, Inc. on behalf of its Intermountain Specialty Pharmacy","7268 S Bingham Junction Blvd., Suite B1",Midvale,UT,84047,2024-11-23,2027-09-01,https://www.urac.org/directory/accreditation-details/?certification=SPP010329,2026-09-23
HSI00000516,Intermountain Healthcare,system name: Intermountain Healthcare | member hospital: Intermountain Medical Center,SPP010381,Specialty Pharmacy,Full Accreditation,"Sisters of Charity of Leavenworth Health System, Inc. on behalf of Intermountain Specialty Pharmacy - Denver","1830 N. Franklin Street , Suite 190",Denver,CO,80218,2025-03-01,2028-03-01,https://www.urac.org/directory/accreditation-details/?certification=SPP010381,2026-09-23
HSI00001081,Houston Methodist,member hospital: The Methodist Hospital,SPP010611,Specialty Pharmacy,Full Accreditation,"Methodist Community Pharmacy, LLC dba Methodist Community Pharmacy - Dallas","1441 N Beckley Ave , Main Lobby B",Dallas,TX,75203,2026-03-01,2029-03-01,https://www.urac.org/directory/accreditation-details/?certification=SPP010611,2026-09-23
HSI00001081,Houston Methodist,member hospital: The Methodist Hospital,SPP010622,Specialty Pharmacy,Full Accreditation,Texas Health Harris Methodist Hospital Fort Worth on behalf of its Texas Health Retail Pharmacy,"1325 Pennsylvania Avenue, Suite 290",Fort Worth,TX,76104,2026-04-01,2029-04-01,https://www.urac.org/directory/accreditation-details/?certification=SPP010622,2026-09-23
HSI00001081,Houston Methodist,system name: Houston Methodist | member hospital: The Methodist Hospital,SPP010047,Specialty Pharmacy,Full Accreditation,The Methodist Hospital on behalf of Houston Methodist Pharmacy,6565 Fannin Street,Houston,TX,77030,2023-10-01,2026-10-01,https://www.urac.org/directory/accreditation-details/?certification=SPP010047,2026-09-23
HSI00000152,Christus Health,system name: Christus Health | member hospital: Christus Hospital | address = member hospital: Christus Mother Frances Hosp-Tyler,SPP010353,Specialty Pharmacy,Full Accreditation,Mother Frances Hospital Regional Health Care Center on behalf of its pharmacy Christus Specialty Pharmacy,800 E. Dawson St. Ste 100,Tyler,TX,75701,2025-01-01,2028-01-01,https://www.urac.org/directory/accreditation-details/?certification=SPP010353,2026-09-23
HSI00000152,Christus Health,system name: Christus Health | member hospital: Christus Hospital,SPP010057,Specialty Pharmacy,Full Accreditation,St. Vincent Hospital on behalf of Christus St. Vincent Outpatient Pharmacy,"465 St. Michael's Drive , Suite 112",Santa Fe,NM,87505,2023-10-01,2026-10-01,https://www.urac.org/directory/accreditation-details/?certification=SPP010057,2026-09-23
HSI00000631,Mayo Clinic Health System,system name: Mayo Clinic Health System | member hospital: Mayo Clinic Hospital,SPP010620,Specialty Pharmacy,Full Accreditation,Mayo Foundation for Medical Education and Research,200 First Street SW,Rochester,MN,55905,2026-04-01,2029-03-01,https://www.urac.org/directory/accreditation-details/?certification=SPP010620,2026-09-23
